ID,theta1,theta2,a_sum,b_sum,c_sum,a01,a02,a03,a04,a05,a06,a07,a08,a09,a10,b01,b02,b03,b04,b05,b06,b07,b08,b09,b10,c01,c02,c03,c04,c05,c06,c07,c08,c09,c10
1,-1.6707487583547198,0.6999764621212716,1,3,8,0,0,0,1,0,0,0,0,0,0,1,1,0,0,0,0,1,0,0,0,1,1,1,1,1,1,1,0,1,0
2,-0.11593357474607059,-0.28274553179762113,4,4,4,1,1,0,0,1,0,0,1,0,0,1,1,1,1,0,0,0,0,0,0,1,1,0,0,0,1,1,0,0,0
3,0.8864002994687996,1.8133616948175133,4,9,7,1,0,1,0,1,1,0,0,0,0,1,1,1,1,1,1,1,1,1,0,1,1,1,1,0,1,1,1,0,0
4,0.3451379320291371,-0.22301381572181778,6,6,3,1,1,1,1,1,0,1,0,0,0,1,1,1,1,1,1,0,0,0,0,1,1,0,1,0,0,0,0,0,0
5,-5.785772487165441e-4,0.2245115033429846,8,6,5,1,1,1,1,1,1,1,1,0,0,1,1,1,0,1,0,1,1,0,0,1,1,1,1,0,1,0,0,0,0
6,0.9192968950276532,2.0512828005366393,6,8,6,1,1,1,0,1,1,1,0,0,0,1,1,1,1,1,0,0,1,1,1,1,1,1,1,0,1,0,1,0,0
7,-0.2910756242839272,1.089405911089108,3,3,6,1,1,1,0,0,0,0,0,0,0,1,1,0,0,0,0,1,0,0,0,1,1,1,1,1,0,1,0,0,0
8,-0.9791734593994178,-1.21197687362491,3,2,4,1,0,1,1,0,0,0,0,0,0,0,1,0,0,1,0,0,0,0,0,1,0,0,0,1,1,0,1,0,0
9,0.20548964522598134,-1.3951536820291495,6,4,5,1,1,1,1,1,0,1,0,0,0,1,1,1,0,1,0,0,0,0,0,1,0,1,1,1,1,0,0,0,0
10,-0.23676999907421614,-0.5351391761401529,7,5,2,1,1,0,1,1,1,1,0,1,0,1,1,0,1,0,0,1,1,0,0,1,0,1,0,0,0,0,0,0,0
11,1.1978979745888523,0.9222738911965294,8,8,6,1,1,1,1,1,1,1,1,0,0,1,1,1,1,0,1,1,1,1,0,1,1,0,1,1,0,0,1,1,0
12,0.3267707014502174,0.2964451282789378,5,6,6,1,1,1,1,1,0,0,0,0,0,1,1,1,1,1,1,0,0,0,0,1,1,1,1,1,1,0,0,0,0
13,-0.19759475301772012,0.8917512676696985,5,4,6,1,1,1,0,1,0,1,0,0,0,1,1,1,1,0,0,0,0,0,0,1,1,1,1,1,1,0,0,0,0
14,0.5985649238922018,-0.4068568363555406,6,5,4,1,1,0,1,1,1,0,1,0,0,1,1,1,1,0,1,0,0,0,0,1,1,0,0,0,1,0,0,1,0
15,0.33489558437391154,-1.2976406707047081,6,3,3,1,1,1,0,1,0,1,0,0,1,0,1,1,0,1,0,0,0,0,0,1,1,0,1,0,0,0,0,0,0
16,1.1607409482304134,1.9342833934247934,6,7,9,0,1,1,1,1,1,0,0,1,0,1,1,1,0,1,1,1,1,0,0,1,1,1,1,1,1,1,0,1,1
17,0.4452553228024979,0.41704700006300777,8,6,8,1,1,1,1,1,1,1,0,1,0,1,1,1,0,1,1,1,0,0,0,1,1,1,1,0,1,1,1,0,1
18,-1.8812709620557322,-1.5250098722634413,4,2,3,1,1,0,0,0,1,0,0,0,1,0,0,1,0,0,0,0,0,0,1,1,1,0,1,0,0,0,0,0,0
19,1.2708885862123096,-0.056104530515730056,8,7,4,1,1,1,1,1,1,0,1,0,1,1,1,1,1,1,0,1,1,0,0,0,1,1,0,0,1,0,0,0,1
20,-0.057180621876397275,-0.7617181176903971,5,3,2,1,1,1,1,0,0,0,0,0,1,1,1,0,0,1,0,0,0,0,0,0,1,0,0,0,1,0,0,0,0
21,-0.8146531930065724,-1.034871719289134,4,4,4,1,1,1,0,0,0,0,0,1,0,1,1,1,0,0,0,0,0,1,0,1,1,1,0,1,0,0,0,0,0
22,-1.2354156430844598,0.8578720161208027,2,3,6,1,0,0,0,1,0,0,0,0,0,0,1,1,0,0,0,0,0,1,0,1,1,1,0,0,0,1,1,1,0
23,-1.753783391403259,-0.023308441856555673,0,1,7,0,0,0,0,0,0,0,0,0,0,0,1,0,0,0,0,0,0,0,0,1,1,1,1,1,0,0,0,1,1
24,-0.6491450956914148,-0.61333154663217615,3,2,2,1,0,0,1,0,0,0,0,0,1,0,0,0,1,0,1,0,0,0,0,0,1,0,1,0,0,0,0,0,0
25,-1.073764845279073,-0.00883492336149172,2,3,4,1,1,0,0,0,0,0,0,0,0,1,1,0,1,0,0,0,0,0,0,0,1,1,1,0,0,0,0,0,1
26,-1.176828406496265,-1.7446101044961546,5,3,4,0,1,1,1,1,1,0,0,0,0,1,1,1,0,0,0,0,0,0,0,1,1,0,1,0,0,0,1,0,0
27,0.9142654892946435,0.5368242376928406,7,6,5,1,1,1,1,1,1,1,0,0,0,1,1,0,1,1,1,1,0,0,0,1,1,1,0,1,0,0,0,1,0
28,0.1774221546663436,0.08822787794174913,6,5,8,1,1,1,0,1,1,0,1,0,0,1,1,1,0,1,1,0,0,0,0,1,1,1,1,1,1,1,1,0,0
29,-0.2770092343671804,-1.6943017665083315,5,4,1,1,0,1,1,0,0,1,1,0,0,0,1,1,1,0,1,0,0,0,0,0,0,0,1,0,0,0,0,0,0
30,1.0894939442277056,1.0821772023533687,6,4,7,1,1,0,1,0,1,0,1,1,0,1,1,0,1,1,0,0,0,0,0,1,1,0,1,0,1,1,1,0,1
31,0.25288331105994494,0.48577438814820245,5,6,5,1,1,1,0,0,1,0,0,0,1,1,1,1,1,0,1,1,0,0,0,1,1,1,0,1,0,1,0,0,0
32,0.3039007380984609,-0.8149795385057703,6,6,4,1,1,1,1,1,1,0,0,0,0,1,1,0,1,1,1,1,0,0,0,1,1,0,1,0,0,0,0,1,0
33,1.5102916158582445,0.04011150823041121,4,4,5,1,1,0,1,0,1,0,0,0,0,1,0,0,1,0,0,0,1,0,1,1,1,1,0,1,0,0,0,0,1
34,-0.7571064297969107,2.2780782460317908,3,4,5,0,1,1,0,1,0,0,0,0,0,1,1,1,0,0,0,0,0,1,0,1,1,0,1,1,0,1,0,0,0
35,0.9497800043705733,0.47324017156294773,9,5,8,1,1,0,1,1,1,1,1,1,1,1,1,1,1,0,1,0,0,0,0,1,0,1,1,1,1,1,0,1,1
36,0.370723451892949,0.8220364563455502,4,7,5,1,0,1,1,1,0,0,0,0,0,1,1,1,1,1,1,0,1,0,0,0,1,0,1,1,0,1,1,0,0
37,0.7384113238542835,0.22100219528215465,5,7,7,1,0,1,1,1,0,1,0,0,0,1,1,1,1,1,1,0,0,1,0,1,1,1,1,0,1,1,1,0,0
38,-0.828329625426375,0.7210953971239937,3,6,8,0,1,0,0,0,0,0,1,1,0,1,1,1,1,1,0,1,0,0,0,1,1,1,1,1,1,1,0,1,0
39,-0.07698445622079347,-0.4529584225958541,5,4,2,1,1,0,1,0,1,0,0,0,1,1,1,0,0,1,1,0,0,0,0,1,0,0,1,0,0,0,0,0,0
40,-0.561706795632478,-0.09728830892755835,1,5,6,0,1,0,0,0,0,0,0,0,0,0,1,1,1,1,0,0,0,0,1,1,1,0,1,1,1,1,0,0,0
41,-0.9762729682400635,-0.22699481562294527,4,3,8,1,1,0,1,1,0,0,0,0,0,0,1,0,1,1,0,0,0,0,0,1,1,1,1,1,1,1,1,0,0
42,0.08823752224879486,-0.4483608115501636,4,7,2,1,1,0,0,1,0,1,0,0,0,1,1,1,0,1,0,1,1,1,0,1,0,1,0,0,0,0,0,0,0
43,-0.778923812005063,-1.4128069606234601,6,3,4,1,1,0,1,1,1,1,0,0,0,1,0,1,0,0,1,0,0,0,0,1,0,1,0,1,0,0,0,0,1
44,1.345672341728612,2.411069589617292,7,8,9,1,1,1,1,1,1,0,0,1,0,1,1,1,1,0,1,1,1,0,1,1,1,1,1,1,1,1,1,0,1
45,0.3847715555094018,1.7074799991672713,4,8,8,0,0,1,1,1,0,0,1,0,0,1,1,1,1,1,1,1,1,0,0,1,1,1,1,1,1,0,1,1,0
46,-1.0817908760390302,-0.863490252485868,2,6,3,0,0,0,1,1,0,0,0,0,0,1,1,1,1,1,0,1,0,0,0,1,1,1,0,0,0,0,0,0,0
47,0.2798838595574798,-0.9777008638944984,8,6,4,1,1,1,1,0,1,1,0,1,1,1,1,1,0,0,1,0,0,1,1,1,1,1,0,1,0,0,0,0,0
48,-0.8167677481189966,0.008496966019560515,5,3,6,1,1,1,1,0,1,0,0,0,0,1,1,0,0,0,0,1,0,0,0,1,1,0,1,1,1,0,0,1,0
49,1.0490598057837754,0.30187940730619844,7,6,7,1,1,1,0,1,1,0,1,1,0,1,1,0,1,1,1,0,0,0,1,1,1,0,1,1,1,1,1,0,0
50,0.009830588316518354,-0.15423004722531364,3,4,6,1,1,0,0,1,0,0,0,0,0,0,1,1,1,1,0,0,0,0,0,1,1,1,1,1,1,0,0,0,0
51,-0.4623024287942934,0.9010629655310562,4,4,7,1,1,1,0,0,0,0,1,0,0,1,1,1,1,0,0,0,0,0,0,1,1,1,0,1,1,1,0,1,0
52,0.7972108352496899,-0.8466552659048822,8,5,4,1,1,1,1,1,1,0,1,0,1,1,1,0,1,0,1,0,1,0,0,1,1,1,0,0,1,0,0,0,0
53,-0.40979487693849864,0.3355410667662276,4,3,7,1,1,1,0,0,0,0,0,1,0,0,0,1,1,1,0,0,0,0,0,1,1,1,1,1,1,1,0,0,0
54,1.0387219636791567,1.3317667275886942,5,7,9,1,1,1,0,0,1,0,0,0,1,1,1,1,1,1,0,1,0,0,1,1,1,1,1,1,1,1,1,1,0
55,-0.330617651684899,-0.06042916635185683,4,5,4,1,1,1,0,0,0,0,0,1,0,1,1,0,1,1,1,0,0,0,0,1,0,1,0,1,1,0,0,0,0
56,1.1821826161581415,1.4444215188985057,8,8,7,1,1,1,1,1,1,1,1,0,0,1,1,1,1,1,1,0,1,1,0,1,1,1,1,1,1,0,1,0,0
57,-1.1900945841632986,-1.492423961128219,3,2,2,1,1,1,0,0,0,0,0,0,0,0,0,0,1,0,0,0,0,1,0,0,0,0,1,0,1,0,0,0,0
58,0.4300507755863153,0.5825299415867075,5,4,6,0,1,1,1,0,1,1,0,0,0,1,0,1,1,0,1,0,0,0,0,1,0,1,1,1,1,0,1,0,0
59,0.2760749959501651,-0.06155315287826918,5,4,5,1,1,1,0,1,1,0,0,0,0,0,0,1,1,1,0,0,0,1,0,1,1,1,1,1,0,0,0,0,0
60,0.06303338341299579,0.3109883851176923,7,7,4,1,1,1,0,1,1,1,1,0,0,1,1,1,0,0,1,1,0,1,1,0,1,0,1,1,1,0,0,0,0
61,0.6373083707008769,0.020246501998407662,8,6,4,1,1,1,1,1,1,1,0,0,1,1,1,0,1,1,1,0,1,0,0,1,1,1,0,1,0,0,0,0,0
62,-0.5921932363915441,-0.2778565062272098,6,5,7,1,1,1,1,1,1,0,0,0,0,0,1,1,1,1,1,0,0,0,0,1,1,1,1,1,1,0,1,0,0
63,-1.0257481313137582,0.44861601334122636,2,6,5,0,1,0,0,1,0,0,0,0,0,1,1,1,1,1,1,0,0,0,0,1,1,1,1,0,0,1,0,0,0
64,-0.410592197323784,-1.3536321175566273,5,3,2,1,1,1,1,0,0,0,1,0,0,1,0,1,1,0,0,0,0,0,0,0,0,1,0,0,0,0,0,0,1
65,-0.6910076863271571,-1.1653891730351043,3,5,4,0,1,1,1,0,0,0,0,0,0,1,1,0,1,1,0,1,0,0,0,1,1,1,0,0,0,0,0,0,1
66,0.5445027032633482,-0.01877567479881892,6,3,3,0,1,1,1,1,1,1,0,0,0,1,1,1,0,0,0,0,0,0,0,1,1,0,0,0,0,0,1,0,0
67,-0.1963045032009072,0.9726266122362723,5,7,7,1,1,1,0,1,1,0,0,0,0,1,1,1,1,0,1,1,0,0,1,1,1,1,1,1,0,1,0,1,0
68,0.21247518425915923,-0.12066917054602566,6,6,4,1,1,1,1,1,0,1,0,0,0,1,1,0,1,1,1,0,1,0,0,1,1,1,1,0,0,0,0,0,0
69,0.3060585704690238,1.291355542066579,5,5,8,1,1,1,1,0,0,1,0,0,0,1,1,1,1,0,0,1,0,0,0,1,1,1,1,1,0,1,1,0,1
70,1.8028245839940378,1.7480262513310452,8,8,9,1,1,1,1,0,1,1,1,1,0,1,1,1,1,1,1,1,1,0,0,1,1,1,1,1,1,1,1,1,0
71,-0.10420671085964894,-0.7462842168500603,5,3,4,0,1,1,1,1,1,0,0,0,0,1,1,1,0,0,0,0,0,0,0,1,1,1,0,1,0,0,0,0,0
72,-2.416494094889319,-1.5831037209772654,0,2,4,0,0,0,0,0,0,0,0,0,0,0,0,0,1,0,0,0,1,0,0,1,0,1,1,0,0,1,0,0,0
73,1.1940486777390658,0.5479415457589163,6,7,6,0,1,1,1,1,0,0,0,1,1,1,1,1,1,1,1,1,0,0,0,1,1,1,1,0,1,0,0,1,0
74,-0.3757564072240957,-0.8526153463352009,5,4,5,1,1,0,1,1,1,0,0,0,0,1,1,1,0,0,0,1,0,0,0,1,1,1,1,0,1,0,0,0,0
75,-0.35872202254725244,-0.8329438572193806,7,5,3,1,1,1,1,1,0,1,1,0,0,1,1,1,0,0,0,0,1,0,1,1,1,0,1,0,0,0,0,0,0
76,0.41018412894923567,1.3661575901534508,5,8,9,1,1,1,1,1,0,0,0,0,0,1,1,1,1,1,1,1,0,1,0,1,1,1,1,1,1,1,0,1,1
77,-1.3026523662027067,0.8094110493661894,3,5,8,0,1,1,0,0,1,0,0,0,0,1,1,1,1,0,1,0,0,0,0,1,1,1,1,1,1,1,1,0,0
78,-0.3836341107400181,-1.7307109885840821,5,5,1,1,1,0,0,1,0,1,1,0,0,1,1,1,1,0,0,0,1,0,0,1,0,0,0,0,0,0,0,0,0
79,0.5884809508291309,-0.2744541123145678,7,7,6,1,1,1,1,0,0,1,1,1,0,1,1,1,1,1,1,0,0,0,1,1,1,0,1,1,0,1,1,0,0
80,0.39806863592450326,-0.638635532401392,7,5,4,1,1,1,1,0,1,1,1,0,0,1,1,0,1,0,1,1,0,0,0,1,0,1,1,1,0,0,0,0,0
81,0.6440897162814118,-0.6341058534385354,8,4,4,1,1,1,1,1,1,1,1,0,0,1,1,0,0,0,1,0,0,0,1,1,1,0,0,1,1,0,0,0,0
82,0.24200354819743192,0.4253216817138897,5,4,3,1,1,0,1,0,0,1,0,1,0,1,1,0,0,1,0,0,1,0,0,1,0,1,0,0,0,0,1,0,0
83,-0.3949969950941313,-0.247005012305417,3,4,5,1,1,0,1,0,0,0,0,0,0,1,1,1,0,1,0,0,0,0,0,1,1,0,1,0,1,0,0,0,1
84,0.7446340790505105,0.3714588421899797,7,4,8,1,1,1,0,1,1,0,0,1,1,1,1,1,0,0,0,0,0,0,1,1,1,0,1,1,1,1,1,1,0
85,0.06290295722863357,-0.44479688468488565,4,5,3,1,1,1,0,0,1,0,0,0,0,1,1,1,1,0,0,1,0,0,0,1,1,1,0,0,0,0,0,0,0
86,-0.027553959593497657,0.6022171781304686,3,6,8,1,1,0,0,1,0,0,0,0,0,1,1,1,1,0,0,1,0,1,0,1,1,1,1,1,1,1,0,1,0
87,1.970257167225845,-0.07047626872746737,8,8,2,1,1,1,0,1,1,1,1,1,0,1,1,1,1,1,1,1,1,0,0,0,0,0,1,0,0,1,0,0,0
88,-0.27709485864071826,1.0308513112784343,4,6,6,1,1,1,0,0,0,0,1,0,0,1,0,1,1,1,0,0,1,1,0,1,1,1,0,1,1,1,0,0,0
89,-0.33665483852886646,-0.2278752274026993,5,2,5,1,0,1,1,1,1,0,0,0,0,1,0,0,0,0,0,0,1,0,0,1,1,1,0,0,1,1,0,0,0
90,0.5680654909019296,1.4217276723775658,6,6,6,1,1,1,0,1,0,0,1,0,1,1,1,0,1,1,0,1,0,0,1,1,0,1,1,1,1,1,0,0,0
91,0.900783824527119,0.8200153315148632,6,6,6,1,1,1,1,0,0,1,1,0,0,0,1,0,1,1,1,0,1,0,1,1,1,1,1,1,0,0,0,0,1
92,0.4615915847171875,0.48825981186708184,7,6,9,1,1,1,1,0,1,0,1,1,0,1,1,1,0,0,1,1,0,1,0,1,1,1,1,1,1,1,1,0,1
93,0.34995123003671824,0.06354426455537274,5,4,5,1,1,0,1,1,0,0,1,0,0,0,1,1,0,1,0,0,1,0,0,1,1,1,0,1,0,1,0,0,0
94,-0.2636922022664858,-0.8238730238149121,6,4,2,1,1,0,0,1,1,1,0,1,0,1,1,1,0,0,0,1,0,0,0,0,1,0,0,0,0,0,0,1,0
95,0.6744866261146905,1.6822325461822791,5,7,6,1,1,0,1,1,0,0,1,0,0,1,1,0,1,1,0,1,1,0,1,1,0,1,1,0,0,1,1,1,0
96,-0.5626750837903215,-0.4770050188788203,4,3,6,1,1,1,1,0,0,0,0,0,0,0,1,1,0,0,0,1,0,0,0,1,0,1,1,1,1,0,1,0,0
97,2.5033908956938165,1.285180981282594,8,8,4,1,1,1,1,1,1,1,0,1,0,1,1,1,1,1,1,1,1,0,0,1,0,0,1,0,0,0,0,1,1
98,1.1211661821181609,1.5333932906545382,4,7,7,1,1,1,1,0,0,0,0,0,0,1,1,1,1,1,1,0,0,0,1,1,1,1,1,1,0,1,0,1,0
99,0.24330417880926794,-0.6515491761335233,8,4,1,1,1,1,1,1,1,1,0,1,0,1,1,0,1,0,1,0,0,0,0,0,1,0,0,0,0,0,0,0,0
100,0.19077302691020137,-1.9685861761921348,8,2,1,1,1,1,1,1,1,0,1,1,0,0,1,0,0,0,0,1,0,0,0,1,0,0,0,0,0,0,0,0,0
101,-0.5553437553560266,-0.6751165070015784,4,1,2,1,1,1,0,0,1,0,0,0,0,1,0,0,0,0,0,0,0,0,0,1,0,1,0,0,0,0,0,0,0
102,0.27226303376744976,0.1726726021284057,5,3,7,1,1,0,1,1,0,0,0,1,0,0,0,1,0,1,0,1,0,0,0,1,1,1,1,1,1,1,0,0,0
103,-0.4413497475220316,0.014066880210594157,3,3,5,0,1,0,1,0,1,0,0,0,0,1,0,1,1,0,0,0,0,0,0,1,1,1,0,1,0,1,0,0,0
104,-0.9859757044013884,0.38401426444995795,4,5,7,1,1,1,0,0,1,0,0,0,0,1,1,1,0,1,0,0,1,0,0,1,1,1,1,1,0,0,0,1,1
105,-1.2797998024383808,-0.36845190549052736,3,6,3,1,1,0,0,0,1,0,0,0,0,1,1,1,1,0,1,0,1,0,0,1,1,1,0,0,0,0,0,0,0
106,0.34481627123313197,-0.42280657835141144,5,8,6,0,1,1,1,0,0,1,0,1,0,1,1,1,1,1,1,1,0,1,0,1,1,0,1,0,0,1,1,1,0
107,-0.962593646691832,-0.3969007734957172,7,0,8,1,1,1,1,1,1,0,0,1,0,0,0,0,0,0,0,0,0,0,0,1,1,1,1,1,1,1,1,0,0
108,-1.4826118941445652,-1.4063482841009136,4,3,4,0,1,1,1,1,0,0,0,0,0,1,1,1,0,0,0,0,0,0,0,1,1,0,1,0,0,0,0,1,0
109,-0.5791901700343917,-0.07938148148913124,2,4,5,1,1,0,0,0,0,0,0,0,0,0,1,0,1,1,0,0,1,0,0,1,1,0,0,1,0,1,1,0,0
110,0.9909343871381521,0.6008144317386072,5,7,7,1,1,1,1,1,0,0,0,0,0,1,1,0,0,1,1,1,1,0,1,1,1,1,1,1,1,1,0,0,0
111,-0.1616783543987656,-0.8348518168194001,6,4,3,1,1,0,1,1,1,0,0,1,0,1,1,0,0,1,0,1,0,0,0,0,0,0,1,1,0,1,0,0,0
112,0.01292868978135342,1.0400964055015807,3,6,7,1,1,1,0,0,0,0,0,0,0,1,1,1,0,1,1,1,0,0,0,1,1,1,1,1,0,1,0,1,0
113,-1.456558281826812,-1.3456967696171565,3,3,3,0,0,1,1,0,1,0,0,0,0,1,0,1,0,0,1,0,0,0,0,1,0,1,1,0,0,0,0,0,0
114,-0.3858721491678157,0.28963600191092304,5,5,4,1,0,1,1,1,0,0,1,0,0,1,1,1,1,1,0,0,0,0,0,1,1,1,0,1,0,0,0,0,0
115,0.7707445183590842,0.128895148688282,6,7,4,1,1,1,1,0,1,1,0,0,0,0,1,1,1,1,1,1,1,0,0,1,0,1,0,0,1,0,1,0,0
116,1.6447112475268524,-1.1230983233839122,9,3,4,1,1,1,1,1,1,1,1,0,1,0,1,1,1,0,0,0,0,0,0,1,1,1,0,0,1,0,0,0,0
117,0.325666225178623,-0.14262968776214027,5,4,5,1,1,1,0,1,0,0,0,1,0,1,1,1,0,0,0,0,1,0,0,1,1,1,1,1,0,0,0,0,0
118,-0.6266302858727015,-0.48310507322685714,3,4,4,1,1,0,0,0,1,0,0,0,0,1,0,1,1,0,1,0,0,0,0,1,1,1,0,0,1,0,0,0,0
119,-1.7406115777058533,0.2688804789636027,3,4,7,0,0,1,1,1,0,0,0,0,0,1,1,1,1,0,0,0,0,0,0,1,1,1,1,0,1,1,0,1,0
120,-0.8714217320233328,-0.9024213667984444,3,2,3,1,1,1,0,0,0,0,0,0,0,1,1,0,0,0,0,0,0,0,0,0,1,1,0,1,0,0,0,0,0
121,1.2414689460430697,-1.0376990625280664,9,6,3,1,1,1,1,1,0,1,1,1,1,1,0,1,1,1,1,0,1,0,0,1,1,0,1,0,0,0,0,0,0
122,-0.5799075411718965,-1.0611666294779,2,0,3,0,0,1,0,0,0,1,0,0,0,0,0,0,0,0,0,0,0,0,0,1,1,0,1,0,0,0,0,0,0
123,0.06956866647124493,-0.9192390829919115,7,6,3,1,1,1,1,0,1,1,0,1,0,1,1,1,0,1,0,0,0,1,1,0,0,1,1,0,0,0,0,0,1
124,-0.4734285316142892,0.02986384330523098,2,5,6,1,1,0,0,0,0,0,0,0,0,1,1,1,1,0,0,1,0,0,0,1,1,0,1,1,1,1,0,0,0
125,1.7244786455384653,1.4691840296695484,6,5,8,1,1,1,1,1,1,0,0,0,0,1,1,1,1,0,0,0,0,1,0,1,1,1,1,1,1,1,1,0,0
126,-0.8857334210291008,-0.24347693269696807,3,4,6,0,1,1,0,1,0,0,0,0,0,1,1,0,1,0,0,0,0,0,1,1,1,0,1,1,0,1,0,1,0
127,-0.24700829435701208,0.6547097969738683,7,3,8,1,1,0,1,0,1,1,1,0,1,0,1,0,0,1,1,0,0,0,0,1,1,1,1,1,1,1,0,1,0
128,0.5309907335108774,-0.3959585810652964,6,7,4,1,1,1,0,1,1,1,0,0,0,1,1,0,1,1,1,1,1,0,0,1,1,0,1,1,0,0,0,0,0
129,-1.3614107136411553,-0.3045738462694155,2,3,4,1,0,1,0,0,0,0,0,0,0,1,1,1,0,0,0,0,0,0,0,1,0,1,0,0,0,1,0,0,1
130,0.2991405824810542,-0.42264981063762425,8,5,5,1,1,1,0,1,0,1,1,1,1,1,1,1,1,0,1,0,0,0,0,1,1,1,1,1,0,0,0,0,0
131,1.3425064283405015,1.1595290525659743,7,7,7,1,1,1,1,1,0,1,0,0,1,1,0,1,0,1,1,0,1,1,1,1,1,1,1,0,1,1,0,0,1
132,0.570670070706937,0.21135788904953795,5,7,5,1,1,0,1,1,1,0,0,0,0,1,1,1,1,0,1,0,1,0,1,1,1,1,1,1,0,0,0,0,0
133,1.087210023602012,-1.0157925077657157,9,5,3,1,1,1,1,1,1,1,1,1,0,1,1,0,1,1,1,0,0,0,0,1,1,0,1,0,0,0,0,0,0
134,-0.18716196488368853,-0.5446240147654511,5,4,3,1,1,1,0,0,1,1,0,0,0,1,1,1,0,0,0,1,0,0,0,1,1,0,1,0,0,0,0,0,0
135,-0.7418605593137009,-2.8144679488941016,5,0,1,1,1,0,0,1,0,1,0,0,1,0,0,0,0,0,0,0,0,0,0,1,0,0,0,0,0,0,0,0,0
136,1.7283419882705124,0.23119154585623292,8,6,5,1,1,1,1,0,1,1,1,1,0,1,1,1,0,0,1,1,0,0,1,1,1,1,1,0,1,0,0,0,0
137,-1.3651357611285573,-1.1647670532842425,3,4,5,1,0,0,0,1,0,0,0,1,0,1,1,1,0,0,0,0,0,0,1,1,1,1,0,1,1,0,0,0,0
138,0.4733512267552984,0.8082754570183692,5,7,5,1,1,1,1,1,0,0,0,0,0,0,1,1,1,1,1,1,0,1,0,1,0,1,1,1,0,1,0,0,0
139,1.3119841530613052,1.9946802257344625,4,8,8,1,1,1,1,0,0,0,0,0,0,1,1,1,1,1,1,1,1,0,0,1,1,1,1,1,1,0,0,1,1
140,-0.9190541982037501,-1.5818421173006334,3,2,3,1,1,0,0,1,0,0,0,0,0,0,0,0,1,0,1,0,0,0,0,0,0,1,0,0,0,1,1,0,0
141,0.35909520689252666,0.856430917932429,5,10,7,1,1,0,1,0,1,1,0,0,0,1,1,1,1,1,1,1,1,1,1,1,1,1,1,1,1,0,1,0,0
142,-0.800757073018332,0.34661769975625517,0,6,8,0,0,0,0,0,0,0,0,0,0,1,1,1,1,1,0,1,0,0,0,1,1,1,1,1,1,1,1,0,0
143,-1.1319560702447056,-1.5910774902179294,5,1,4,1,1,1,1,0,1,0,0,0,0,1,0,0,0,0,0,0,0,0,0,1,1,1,1,0,0,0,0,0,0
144,-1.594421690420728,-1.0290596425104106,2,4,4,1,0,0,1,0,0,0,0,0,0,1,0,0,1,1,0,0,1,0,0,1,1,1,0,0,0,1,0,0,0
145,-0.5526369572306791,-2.2213050655599647,5,0,3,1,1,0,1,1,1,0,0,0,0,0,0,0,0,0,0,0,0,0,0,1,1,1,0,0,0,0,0,0,0
146,-0.2682473025064336,-0.6513097679622236,8,5,4,1,1,1,1,1,1,0,1,0,1,1,1,1,1,0,0,1,0,0,0,1,1,0,1,0,1,0,0,0,0
147,-1.2616806370655638,-1.2701543043949008,3,2,4,1,0,1,0,0,0,1,0,0,0,0,1,1,0,0,0,0,0,0,0,1,1,0,1,1,0,0,0,0,0
148,0.3406482162087847,0.8508585859641731,4,5,7,1,0,1,1,0,1,0,0,0,0,1,0,1,0,1,1,1,0,0,0,1,1,0,1,1,1,1,1,0,0
149,2.284753630978343,1.3527417554417653,6,7,7,1,1,0,1,1,0,1,0,1,0,1,1,1,1,1,0,1,0,1,0,1,0,1,1,0,1,1,1,1,0
150,-0.9858779974397665,-1.2433241779427215,4,3,5,0,1,1,1,0,1,0,0,0,0,1,1,0,0,1,0,0,0,0,0,1,0,1,0,1,1,0,1,0,0
151,0.6232903947625928,0.7411133121601657,5,7,5,0,1,1,1,1,0,0,0,1,0,1,1,0,1,1,1,0,1,1,0,1,1,1,1,0,0,0,0,1,0
152,0.21399041685727188,1.1180298177229329,3,7,7,1,1,1,0,0,0,0,0,0,0,1,1,1,1,1,0,1,0,0,1,1,0,1,1,1,1,1,0,1,0
153,-0.10995219202823125,0.6853439371752462,2,3,7,1,1,0,0,0,0,0,0,0,0,1,1,0,0,0,0,0,1,0,0,1,1,1,1,1,0,0,1,1,0
154,-0.7909466650587418,-0.9556128536410147,5,7,4,1,1,1,1,1,0,0,0,0,0,1,1,1,0,1,1,1,1,0,0,1,1,1,1,0,0,0,0,0,0
155,-0.2493901515406336,0.04249216775979385,6,5,5,0,1,1,1,1,1,1,0,0,0,1,1,1,1,1,0,0,0,0,0,1,0,1,1,1,1,0,0,0,0
156,-0.3870395441070099,-0.09861942261316178,5,4,5,1,1,1,1,1,0,0,0,0,0,0,1,1,1,0,1,0,0,0,0,0,1,1,1,1,0,0,0,1,0
157,0.878956720182368,0.09616975548498924,6,5,4,0,1,1,1,1,1,0,1,0,0,0,1,0,1,0,0,1,1,1,0,1,1,0,1,0,1,0,0,0,0
158,-1.5134676091648762,0.868384760885291,1,4,8,0,0,1,0,0,0,0,0,0,0,1,1,0,0,1,0,1,0,0,0,1,1,1,1,1,1,1,1,0,0
159,0.7414759633284139,0.9506915800537162,5,5,7,1,1,1,0,1,0,0,1,0,0,0,1,1,1,1,1,0,0,0,0,1,1,1,1,1,0,0,1,1,0
160,-0.5648749547571602,-0.08391812243803876,4,6,4,1,1,0,1,0,0,0,1,0,0,1,1,1,1,0,1,1,0,0,0,1,1,0,1,1,0,0,0,0,0
161,1.577368837809097,0.24598090628460068,7,8,5,1,1,1,1,1,1,0,1,0,0,1,1,1,1,1,0,1,1,0,1,1,1,1,0,1,0,0,1,0,0
162,-0.7904986871730529,-1.0267291945056032,4,1,3,1,1,0,1,0,0,0,0,1,0,0,1,0,0,0,0,0,0,0,0,1,1,1,0,0,0,0,0,0,0
163,-1.002074794397027,-1.1805781149484174,5,4,2,0,1,1,1,0,0,0,1,1,0,1,1,0,1,0,1,0,0,0,0,0,1,1,0,0,0,0,0,0,0
164,2.403339165787089,3.2103066708928836,8,9,9,1,1,1,1,1,0,1,1,1,0,1,1,1,1,1,1,1,1,1,0,1,1,1,1,1,1,1,1,0,1
165,-0.6064978779265415,-0.11552064428794867,3,6,2,1,0,1,1,0,0,0,0,0,0,1,1,1,0,0,0,1,1,1,0,0,1,1,0,0,0,0,0,0,0
166,0.36077036653824013,0.15577497422917708,6,5,6,1,0,1,1,1,1,0,0,1,0,1,0,1,1,1,0,0,0,0,1,1,0,1,1,0,1,1,1,0,0
167,0.31021780771706076,0.7923532102671236,7,5,7,1,1,0,1,1,1,1,1,0,0,0,1,1,1,1,0,1,0,0,0,1,1,1,1,1,0,1,1,0,0
168,-0.609102282771312,-0.22883034067369407,2,2,5,0,0,1,0,1,0,0,0,0,0,0,1,0,0,0,1,0,0,0,0,1,1,1,0,0,1,0,0,0,1
169,-0.07402861149661061,0.9692599327516978,6,8,7,1,1,1,1,0,0,1,1,0,0,1,1,1,1,1,1,1,1,0,0,1,1,1,1,1,1,1,0,0,0
170,-0.24806271697252147,0.8871280245941288,2,6,9,0,0,1,1,0,0,0,0,0,0,1,1,0,1,1,1,0,0,1,0,1,1,1,1,1,1,1,1,1,0
171,-0.43916466177789215,0.06611467958250242,4,6,5,0,1,1,0,1,0,1,0,0,0,1,0,1,1,0,1,1,1,0,0,1,0,1,1,1,1,0,0,0,0
172,0.6321028399953563,-0.5190119885492124,7,6,3,1,1,1,1,1,1,0,1,0,0,1,0,1,1,1,1,0,0,1,0,1,0,1,0,0,0,0,0,1,0
173,0.125202715203921,-0.18420892955328144,2,4,4,1,1,0,0,0,0,0,0,0,0,1,1,1,0,1,0,0,0,0,0,1,0,1,0,1,0,1,0,0,0
174,2.0265055245452217,1.6600813060172648,8,9,6,1,1,1,1,1,1,0,1,1,0,1,1,1,1,1,1,1,0,1,1,1,1,1,1,1,1,0,0,0,0
175,-1.4076655708909946,0.12363378666168345,1,5,6,1,0,0,0,0,0,0,0,0,0,1,1,0,1,0,1,1,0,0,0,1,1,0,0,1,1,0,0,1,1
176,-0.8433853372591176,-1.0549358822200285,6,3,2,1,1,1,1,0,1,1,0,0,0,1,1,0,1,0,0,0,0,0,0,0,1,0,1,0,0,0,0,0,0
177,0.35817138595111536,-0.2927199586501132,6,4,3,1,1,1,1,1,1,0,0,0,0,1,1,1,1,0,0,0,0,0,0,1,0,0,0,0,0,0,1,0,1
178,-0.7191567319793382,1.2569251647869137,5,5,8,1,1,0,0,0,1,1,0,1,0,1,1,1,1,0,0,0,0,1,0,1,1,1,1,1,1,0,1,1,0
179,-0.40663946743846846,1.1627203116076266,2,5,8,1,1,0,0,0,0,0,0,0,0,1,1,0,1,1,0,1,0,0,0,1,1,1,1,1,1,1,0,0,1
180,-0.340059773332376,-0.45385227135147155,5,7,3,1,1,1,0,1,0,0,1,0,0,1,1,1,1,1,0,1,0,0,1,1,1,1,0,0,0,0,0,0,0
181,-1.1762195065581305,-0.6655153824957629,3,3,4,1,1,0,0,0,0,1,0,0,0,0,1,0,1,1,0,0,0,0,0,1,1,0,1,0,0,0,1,0,0
182,1.664285607589178,0.5236152967656573,7,5,5,1,1,1,1,1,0,1,0,1,0,1,0,1,1,0,0,1,1,0,0,1,1,1,0,1,1,0,0,0,0
183,-0.5953399174135472,-0.010272319408178354,4,7,5,1,1,0,0,0,0,1,0,0,1,1,1,1,1,0,0,1,1,1,0,0,1,1,1,0,1,1,0,0,0
184,-0.4679140874430401,-1.0311981652769868,6,5,4,1,1,1,0,1,0,1,0,0,1,1,1,1,0,1,0,0,1,0,0,1,1,0,1,0,1,0,0,0,0
185,-0.13246909415992345,-0.27677912403652893,4,4,5,1,0,0,1,1,1,0,0,0,0,0,1,1,1,0,0,1,0,0,0,1,1,1,1,0,1,0,0,0,0
186,0.2479488812917051,-0.5894675483312305,5,5,7,1,1,1,1,0,1,0,0,0,0,1,1,1,1,0,0,1,0,0,0,1,1,1,1,1,0,1,1,0,0
187,2.025411882676337,-0.10297354854074403,10,8,5,1,1,1,1,1,1,1,1,1,1,1,1,1,1,1,1,0,1,0,1,1,1,1,1,0,0,1,0,0,0
188,0.7729077520220689,-0.6261384566407149,8,4,3,1,1,1,1,1,1,1,0,0,1,0,1,1,1,0,0,1,0,0,0,1,0,1,0,1,0,0,0,0,0
189,0.23187077309428528,1.0741886944849337,6,6,7,1,1,1,1,1,0,0,1,0,0,1,1,0,1,0,1,1,1,0,0,1,1,1,0,0,1,1,1,1,0
190,0.2423624075699619,-1.1071615491258697,6,4,1,1,1,1,1,0,0,1,1,0,0,1,1,1,0,1,0,0,0,0,0,1,0,0,0,0,0,0,0,0,0
191,0.48483632387199127,-0.11340615223182096,8,5,4,0,1,1,1,1,1,1,1,1,0,1,1,0,1,0,1,0,1,0,0,1,0,1,1,0,0,0,0,1,0
192,0.19672992238363807,-0.7591024175875752,8,4,5,1,1,1,0,1,1,1,1,1,0,1,0,1,0,0,0,1,1,0,0,0,0,1,1,0,1,0,1,1,0
193,0.15437243285149674,0.009451043504251272,6,4,8,1,1,1,1,1,0,0,1,0,0,0,1,1,0,1,0,0,0,1,0,1,1,1,1,1,1,1,0,1,0
194,-1.0721618465085756,-0.47865298074400686,3,5,3,0,1,1,0,0,0,0,1,0,0,1,1,0,1,1,1,0,0,0,0,1,1,0,0,0,0,0,1,0,0
195,-0.96555225917431,-1.304822595188926,3,5,4,1,0,1,0,0,0,0,0,1,0,0,0,1,1,1,1,0,1,0,0,1,1,0,0,1,0,0,1,0,0
196,2.2093851417404453,1.2498899141996405,9,8,7,1,1,1,1,1,1,0,1,1,1,1,1,1,1,1,1,1,1,0,0,1,1,1,1,0,1,1,0,0,1
197,0.2232960062677788,0.8171621968877824,7,6,6,1,1,1,1,1,1,0,0,0,1,1,1,1,1,1,0,1,0,0,0,1,1,1,1,1,0,1,0,0,0
198,-1.1407705166592041,-1.0264950557310883,5,2,4,1,1,1,1,0,1,0,0,0,0,1,1,0,0,0,0,0,0,0,0,1,1,0,1,1,0,0,0,0,0
199,-1.246288722590589,0.18771830304569292,1,5,4,0,1,0,0,0,0,0,0,0,0,1,1,1,1,0,1,0,0,0,0,1,1,1,1,0,0,0,0,0,0
200,-0.9828761805583499,-1.070435557325242,4,3,2,1,1,0,1,0,0,1,0,0,0,0,1,0,1,0,1,0,0,0,0,1,1,0,0,0,0,0,0,0,0
201,1.4002796076575645,2.408171632817286,5,9,9,1,1,1,0,0,0,1,1,0,0,1,1,1,1,1,1,1,1,0,1,1,1,1,1,1,1,1,1,1,0
202,1.3273996659892944,0.9457662897062409,8,5,6,1,1,1,0,1,1,0,1,1,1,1,1,0,0,0,1,1,1,0,0,1,1,1,0,0,1,1,1,0,0
203,-0.6971674347773534,0.23792272520353963,4,7,6,1,1,1,0,1,0,0,0,0,0,1,1,1,1,1,1,0,0,1,0,1,1,1,0,1,0,0,1,1,0
204,0.4183032712914718,0.5225364376680852,5,6,4,1,1,0,1,1,1,0,0,0,0,1,1,1,1,1,0,1,0,0,0,1,0,1,1,0,1,0,0,0,0
205,-0.09140173059053663,-0.6262561108103708,3,4,8,1,1,1,0,0,0,0,0,0,0,0,1,1,1,1,0,0,0,0,0,1,1,1,1,1,1,0,1,1,0
206,-0.44783274777122045,-0.37705107064986193,4,2,6,0,1,1,0,1,0,0,1,0,0,1,1,0,0,0,0,0,0,0,0,1,1,1,1,1,0,0,0,1,0
207,-0.8030409937346931,-0.5628591884149278,4,5,7,1,1,1,0,0,0,1,0,0,0,1,1,1,0,0,1,1,0,0,0,1,1,1,1,1,0,1,0,0,1
208,-1.3597776260217551,0.3298703077241101,4,4,8,1,1,1,1,0,0,0,0,0,0,0,1,1,1,1,0,0,0,0,0,1,1,1,1,1,1,1,1,0,0
209,0.9176532174606167,1.9418023945613867,4,7,10,0,1,1,0,1,0,1,0,0,0,1,1,1,1,1,1,0,0,1,0,1,1,1,1,1,1,1,1,1,1
210,0.16307980834933164,-0.25665926603500117,3,4,4,1,1,0,1,0,0,0,0,0,0,1,1,1,1,0,0,0,0,0,0,1,1,0,1,0,0,0,1,0,0
211,0.1217627573137256,0.08477605073941316,6,4,6,1,1,1,1,1,0,0,1,0,0,1,0,1,1,0,0,0,0,1,0,1,1,1,1,1,1,0,0,0,0
212,-0.17144876406405754,0.5935277732955487,6,5,7,1,0,1,1,0,1,1,1,0,0,1,1,1,0,0,1,0,0,1,0,1,1,1,1,1,0,1,1,0,0
213,1.8177683135236473,0.3169425271160431,9,7,5,1,1,1,1,1,1,1,1,0,1,1,1,1,1,1,1,1,0,0,0,1,1,1,1,1,0,0,0,0,0
214,-0.553931543955988,-0.3399172311890071,6,2,5,1,1,1,1,1,1,0,0,0,0,0,1,0,0,0,1,0,0,0,0,1,1,1,1,0,1,0,0,0,0
215,-0.9819101749925087,-0.7371626363619045,4,3,5,1,1,0,1,1,0,0,0,0,0,0,1,1,1,0,0,0,0,0,0,1,1,1,1,0,1,0,0,0,0
216,0.862732400560061,2.039659824449574,6,7,8,1,1,1,1,1,1,0,0,0,0,0,1,1,1,1,0,1,1,1,0,1,1,1,1,1,1,0,0,1,1
217,-0.6987227468651939,-0.06539435924528958,4,4,6,1,1,0,0,1,0,1,0,0,0,1,0,1,1,0,0,1,0,0,0,1,1,1,0,1,1,0,0,0,1
218,-1.0131659951994805,-0.23922100196045093,5,3,7,1,0,1,1,0,1,0,1,0,0,0,1,1,0,1,0,0,0,0,0,1,0,1,1,1,1,1,0,1,0
219,-1.2729975054068972,-0.8682903485306046,2,3,3,1,1,0,0,0,0,0,0,0,0,0,1,1,1,0,0,0,0,0,0,1,1,0,0,1,0,0,0,0,0
220,-1.5545934387214457,-0.670599465615527,2,4,5,1,0,1,0,0,0,0,0,0,0,1,1,1,1,0,0,0,0,0,0,1,1,1,1,1,0,0,0,0,0
221,-1.7546526658468,0.7605014375056038,1,5,8,0,0,1,0,0,0,0,0,0,0,1,1,0,1,0,1,1,0,0,0,1,1,0,1,1,1,0,1,1,1
222,0.47062657444756095,0.5997562592418372,5,8,5,1,1,1,1,1,0,0,0,0,0,1,1,1,1,1,1,1,0,1,0,1,1,1,0,0,1,1,0,0,0
223,0.48907064452397575,1.433242720788058,6,6,7,1,1,1,1,0,0,0,1,1,0,1,1,0,1,1,1,1,0,0,0,1,1,1,1,0,1,1,0,1,0
224,0.03588345405273308,1.1896955256345294,3,6,5,1,1,0,0,1,0,0,0,0,0,0,1,1,1,1,1,0,0,0,1,0,1,1,0,1,1,0,1,0,0
225,0.3132600449832023,-0.9431329600953495,5,7,3,1,1,1,1,1,0,0,0,0,0,1,1,1,1,1,1,0,1,0,0,1,0,0,1,1,0,0,0,0,0
226,0.08934273044199642,0.014147196857191034,6,4,4,1,1,1,1,1,0,0,1,0,0,1,1,1,0,1,0,0,0,0,0,1,1,1,1,0,0,0,0,0,0
227,-0.4212404019338233,-0.7991564719934169,6,4,2,1,1,1,1,1,1,0,0,0,0,1,1,0,0,1,0,0,0,0,1,1,1,0,0,0,0,0,0,0,0
228,-0.2164495842579079,-1.0258087116994217,4,2,5,1,1,1,0,1,0,0,0,0,0,0,1,0,1,0,0,0,0,0,0,1,1,1,1,1,0,0,0,0,0
229,1.1613388170708072,0.3709207940983771,8,6,7,1,1,1,1,1,0,1,1,0,1,1,1,1,0,1,1,1,0,0,0,1,1,1,1,1,1,0,0,0,1
230,-0.5651849186381936,-1.1938730272930334,6,3,2,1,1,1,1,1,1,0,0,0,0,1,1,0,1,0,0,0,0,0,0,1,0,1,0,0,0,0,0,0,0
231,2.0122775993651896,1.3743908926005846,7,8,7,1,1,1,1,1,0,1,1,0,0,1,1,1,1,1,1,0,1,1,0,1,1,1,1,1,0,1,0,1,0
232,-0.538134280546621,0.38169615487877473,4,5,7,1,1,0,1,1,0,0,0,0,0,1,1,1,1,0,1,0,0,0,0,1,1,1,1,1,0,1,1,0,0
233,-0.15423473976114632,0.5258268876791596,3,5,5,1,1,1,0,0,0,0,0,0,0,1,1,1,0,1,0,0,1,0,0,1,1,0,1,1,0,1,0,0,0
234,-0.6016035479446538,-0.6775639594615135,2,6,3,1,0,1,0,0,0,0,0,0,0,1,0,1,1,1,0,0,1,1,0,1,0,1,1,0,0,0,0,0,0
235,-0.5042410895633213,-0.4906293043995792,3,4,5,1,1,1,0,0,0,0,0,0,0,0,1,1,1,0,1,0,0,0,0,1,0,1,0,1,1,0,0,1,0
236,-2.0741996385276247,-0.2069392170129084,1,5,3,0,0,0,0,1,0,0,0,0,0,1,1,1,1,0,0,1,0,0,0,1,1,0,1,0,0,0,0,0,0
237,0.5088167849727434,-0.8256528516285762,7,3,4,1,1,1,0,1,1,1,1,0,0,1,1,0,0,1,0,0,0,0,0,1,1,1,0,0,1,0,0,0,0
238,0.27160140765772894,0.45409740514883895,7,5,5,1,1,1,1,1,0,1,1,0,0,1,1,1,1,1,0,0,0,0,0,1,1,1,1,0,0,1,0,0,0
239,-0.04477182013884101,0.6064834213416543,4,6,8,1,1,0,0,1,1,0,0,0,0,1,1,1,0,1,1,0,0,1,0,1,1,1,1,1,1,1,1,0,0
240,-0.806659878037469,-0.5470010255102564,3,3,5,1,1,1,0,0,0,0,0,0,0,1,1,1,0,0,0,0,0,0,0,1,0,1,1,1,0,0,1,0,0
241,-0.46067800056623054,-0.9052553209180021,6,5,4,0,1,0,1,1,1,1,1,0,0,1,1,1,1,0,1,0,0,0,0,1,1,1,0,0,0,0,0,1,0
242,-0.663946718383643,-0.205886977282164,4,6,4,1,1,0,0,1,0,0,1,0,0,1,0,1,1,0,1,1,1,0,0,1,1,1,0,0,0,0,1,0,0
243,1.3911340431566488,1.2001190482227575,6,8,7,1,1,1,1,1,0,0,1,0,0,1,1,1,1,1,1,0,1,0,1,1,1,1,1,1,1,0,0,1,0
244,-0.679579737485213,-1.2902879171398982,4,1,3,1,1,0,0,1,0,1,0,0,0,0,0,1,0,0,0,0,0,0,0,1,0,1,1,0,0,0,0,0,0
245,-0.15027146235726016,-0.15985499628545755,4,7,3,1,1,1,0,0,1,0,0,0,0,1,1,1,1,1,0,1,1,0,0,0,1,1,1,0,0,0,0,0,0
246,1.5567603011239939,1.7382270284031915,6,7,9,1,1,1,1,0,1,1,0,0,0,1,0,1,0,1,1,1,0,1,1,1,1,1,1,1,1,1,1,1,0
247,-0.10094653507366935,-0.07394709660426799,5,5,8,1,1,1,1,0,0,1,0,0,0,1,1,1,1,0,1,0,0,0,0,1,1,1,1,1,1,1,0,0,1
248,-1.7687521029442652,-0.5865610862746097,2,5,6,1,1,0,0,0,0,0,0,0,0,0,1,1,1,1,0,0,0,1,0,1,1,1,1,0,1,0,1,0,0
249,-1.0386012070419552,-0.11281323017159056,3,3,6,0,0,0,0,0,0,1,1,1,0,1,0,1,0,1,0,0,0,0,0,1,1,1,1,0,1,0,0,1,0
250,-8.423588899469925e-5,0.8409255843935588,5,5,6,1,1,1,0,0,0,0,1,0,1,1,1,1,0,0,1,0,0,0,1,1,1,1,1,1,0,1,0,0,0
251,0.006023805670414162,-0.6565870628712346,6,4,4,1,1,1,1,0,1,0,0,1,0,1,0,1,1,0,1,0,0,0,0,1,0,1,1,0,1,0,0,0,0
252,-0.9349437747533085,-0.038254634486957095,3,4,5,1,1,0,0,1,0,0,0,0,0,1,1,0,1,0,0,0,0,1,0,1,1,1,1,0,0,1,0,0,0
253,-0.32429342726894095,-0.2713886958401115,3,5,5,1,1,0,0,1,0,0,0,0,0,1,0,1,0,1,1,0,0,1,0,1,1,1,0,1,0,0,1,0,0
254,-0.34453639135502673,0.5012811821147904,3,2,5,1,1,1,0,0,0,0,0,0,0,1,1,0,0,0,0,0,0,0,0,1,1,0,1,1,1,0,0,0,0
255,1.2068022633970334,1.5618961445720274,4,8,8,1,1,0,0,1,0,0,0,0,1,1,1,1,1,1,1,1,1,0,0,1,1,1,1,1,1,0,1,1,0
256,0.1450936570238638,-0.2984929310264459,9,6,2,1,1,1,1,1,1,1,1,1,0,1,1,1,1,1,1,0,0,0,0,0,1,0,0,0,0,1,0,0,0
257,0.8375720046658448,1.034427635463426,8,7,9,1,1,1,1,0,1,1,1,1,0,1,1,1,1,1,1,1,0,0,0,1,1,1,1,1,1,1,0,1,1
258,0.8211790855844796,0.2713190898054772,6,5,6,1,1,1,1,0,1,1,0,0,0,1,1,0,1,0,0,0,1,1,0,1,1,1,0,1,1,1,0,0,0
259,0.06173672073605006,-0.2585667935195038,4,5,4,1,1,0,0,1,0,1,0,0,0,1,1,1,1,0,0,1,0,0,0,1,1,1,0,0,0,1,0,0,0
260,-2.177240776908094,-0.4778233751225157,1,4,7,1,0,0,0,0,0,0,0,0,0,1,1,0,1,0,0,0,1,0,0,1,0,1,1,1,1,1,1,0,0
261,-1.1563277606869562,0.25372608998198676,0,3,6,0,0,0,0,0,0,0,0,0,0,1,1,0,0,1,0,0,0,0,0,1,1,1,1,1,1,0,0,0,0
262,-0.21509706307879833,-0.6333834508838276,7,6,5,1,1,1,1,1,1,0,0,0,1,1,1,1,1,1,0,0,0,1,0,1,1,1,1,1,0,0,0,0,0
263,0.2848164600682793,-0.20314258672322377,6,4,3,1,1,1,0,0,1,0,1,0,1,1,1,0,0,1,0,0,1,0,0,1,0,1,0,0,1,0,0,0,0
264,0.5214816233217522,1.7305285463310507,6,4,6,0,1,1,1,0,1,1,1,0,0,0,1,1,1,0,0,0,1,0,0,1,1,1,1,1,1,0,0,0,0
265,1.991872699082696,1.979856589360662,7,6,9,1,1,1,0,0,1,1,1,1,0,1,1,1,1,0,0,0,1,1,0,1,1,1,1,1,0,1,1,1,1
266,1.1722070340464263,1.508281988944709,5,7,6,1,1,1,0,1,0,0,0,0,1,1,1,1,1,1,1,1,0,0,0,1,1,1,1,1,1,0,0,0,0
267,-0.083994146990551,-0.146630088303972,4,5,7,0,1,0,1,1,1,0,0,0,0,1,1,1,0,0,0,1,0,1,0,1,1,1,1,1,1,0,1,0,0
268,-2.1109880306684317,-0.9314066633240302,1,3,3,1,0,0,0,0,0,0,0,0,0,1,1,0,1,0,0,0,0,0,0,1,1,0,0,0,1,0,0,0,0
269,-0.48236188374450445,-0.1910245937874771,5,3,4,1,1,1,1,0,1,0,0,0,0,1,1,1,0,0,0,0,0,0,0,1,1,1,1,0,0,0,0,0,0
270,0.19615149172577606,-0.04164004896069931,6,4,6,1,1,1,1,1,0,1,0,0,0,1,1,0,0,1,1,0,0,0,0,1,1,1,1,1,0,0,0,0,1
271,0.2998130322260952,1.1637924238751098,5,8,7,1,1,1,1,0,0,0,0,1,0,1,1,1,1,1,1,0,1,1,0,1,1,1,0,1,0,1,1,1,0
272,0.3614268882717124,1.3057204568490997,6,8,7,1,1,1,1,1,0,1,0,0,0,1,1,1,0,1,1,1,1,0,1,1,1,1,1,1,1,0,0,1,0
273,0.34171262972014244,0.8435460701276423,4,7,6,0,1,1,1,0,0,0,1,0,0,1,1,1,1,1,1,1,0,0,0,1,1,1,1,0,1,1,0,0,0
274,-1.96679844366491,-0.44988762068539756,3,4,6,0,1,1,0,0,0,0,1,0,0,1,1,1,1,0,0,0,0,0,0,1,0,0,1,1,0,1,1,1,0
275,0.9398958620348223,0.5317290612997105,7,6,3,1,1,1,1,1,1,0,1,0,0,1,1,1,1,1,0,0,0,1,0,1,0,1,0,0,0,1,0,0,0
276,-0.28927669999074446,-0.48418308734773563,2,3,4,0,1,0,1,0,0,0,0,0,0,1,0,1,0,1,0,0,0,0,0,0,1,1,0,0,1,0,1,0,0
277,0.37114781099548766,-0.0683806530159645,6,5,6,0,1,1,1,1,1,1,0,0,0,1,1,1,1,1,0,0,0,0,0,1,1,1,1,1,0,0,1,0,0
278,-0.3910000062334176,0.5201264328623949,3,4,7,1,1,0,0,0,1,0,0,0,0,1,1,0,0,1,0,1,0,0,0,1,1,1,0,1,1,1,1,0,0
279,0.388328887652304,0.35327770338901354,8,5,4,1,1,0,1,1,1,1,1,1,0,1,1,1,1,0,1,0,0,0,0,1,1,1,0,1,0,0,0,0,0
280,0.1409697485377252,-0.09823142460696137,5,7,4,1,1,1,0,1,1,0,0,0,0,1,1,1,1,1,1,1,0,0,0,1,1,1,1,0,0,0,0,0,0
281,0.04727201710807627,-2.9354236064823156,8,0,2,1,1,1,1,0,1,0,1,1,1,0,0,0,0,0,0,0,0,0,0,1,0,0,0,0,0,0,0,1,0
282,0.5724837079536936,0.703164722603366,4,5,6,1,1,0,1,0,0,0,0,0,1,1,0,1,0,1,1,1,0,0,0,0,1,1,1,1,1,1,0,0,0
283,0.41287780102742466,0.25573982842567355,6,5,4,1,1,1,1,1,1,0,0,0,0,1,0,1,1,1,0,0,1,0,0,0,1,1,0,1,0,0,0,1,0
284,-1.6102990650031042,1.1501769529079744,2,4,10,0,1,1,0,0,0,0,0,0,0,1,1,0,0,1,1,0,0,0,0,1,1,1,1,1,1,1,1,1,1
285,0.6656044696958725,-0.4609721739276391,7,6,4,1,1,1,1,1,0,0,0,1,1,1,1,1,1,1,0,0,0,1,0,1,1,1,1,0,0,0,0,0,0
286,-0.29380277784737163,0.5259645218032569,3,5,3,1,1,0,1,0,0,0,0,0,0,1,1,1,0,1,1,0,0,0,0,0,1,0,0,1,0,1,0,0,0
287,-0.09387307596098657,0.47669002497051427,4,5,3,1,1,0,1,0,1,0,0,0,0,1,1,1,0,0,1,0,0,1,0,0,1,1,0,0,1,0,0,0,0
288,1.4326250488835095,1.4094038779940905,7,6,8,1,1,1,1,1,1,1,0,0,0,1,1,1,1,1,0,0,1,0,0,1,1,1,1,1,1,1,1,0,0
289,-0.39459502849688805,0.01518864276689269,4,4,5,1,1,0,0,1,1,0,0,0,0,1,1,1,0,1,0,0,0,0,0,1,1,1,0,0,0,1,0,1,0
290,-0.2925901161883562,0.5836879000701506,3,4,6,1,0,0,0,0,1,1,0,0,0,1,0,1,1,1,0,0,0,0,0,1,1,0,1,1,1,1,0,0,0
291,1.1148498223110141,0.9088504085887605,5,8,6,1,0,0,1,1,0,1,0,1,0,1,1,1,1,1,1,1,0,0,1,1,1,1,1,0,1,1,0,0,0
292,1.223734461653395,0.6021606312103829,7,7,5,1,1,1,1,1,1,1,0,0,0,1,1,1,1,1,1,1,0,0,0,1,1,1,1,0,1,0,0,0,0
293,1.2995270251974147,0.6841268700157273,6,6,6,1,1,1,1,0,0,1,0,0,1,1,0,1,1,0,1,1,0,0,1,1,1,1,0,1,1,0,1,0,0
294,0.5939244123113856,-1.5941283298917759,9,5,2,1,1,1,1,1,1,1,0,1,1,1,1,1,0,1,1,0,0,0,0,1,0,0,0,1,0,0,0,0,0
295,1.8516567034429865,1.6167451267034385,7,7,7,0,1,1,1,1,1,1,1,0,0,1,1,1,1,1,1,1,0,0,0,1,1,1,1,0,1,1,1,0,0
296,0.06458199316143139,0.050947304198739454,5,5,5,1,0,0,1,1,0,1,0,1,0,1,1,1,1,0,1,0,0,0,0,1,1,1,1,1,0,0,0,0,0
297,0.939623142258557,2.293859102977412,9,6,8,1,1,1,1,1,1,1,1,1,0,1,1,1,1,1,1,0,0,0,0,1,1,1,1,1,1,1,0,0,1
298,-1.4348238921966332,-0.9050081960898257,3,4,6,1,1,1,0,0,0,0,0,0,0,1,0,1,1,0,1,0,0,0,0,1,0,1,1,1,0,1,1,0,0
299,-0.41694236870999807,0.45328700640054637,5,6,6,1,1,1,1,1,0,0,0,0,0,1,1,1,1,1,1,0,0,0,0,1,0,1,1,1,0,0,1,0,1
300,1.653000090601618,0.5119154514377182,9,7,7,1,0,1,1,1,1,1,1,1,1,1,1,1,1,1,1,0,0,0,1,1,1,0,1,1,1,1,0,0,1
301,-0.8733326499451777,-0.3655031580413965,2,6,2,0,1,0,0,0,0,1,0,0,0,1,1,1,0,1,0,0,1,1,0,1,0,1,0,0,0,0,0,0,0
302,-0.24460876572286128,-1.0590867695268635,5,5,4,1,1,1,1,0,0,0,0,0,1,1,1,0,1,0,1,0,0,0,1,1,1,0,1,0,1,0,0,0,0
303,-0.9504887309377855,-0.6751079885791819,5,3,2,1,1,0,1,0,1,0,0,1,0,1,0,0,0,1,1,0,0,0,0,1,1,0,0,0,0,0,0,0,0
304,-1.7477632886061303,-0.07524318684949538,2,4,6,1,0,1,0,0,0,0,0,0,0,1,0,1,1,0,1,0,0,0,0,1,1,1,1,1,0,0,1,0,0
305,0.27825311476596987,-1.0354356372475129,6,4,3,1,1,0,1,1,0,0,1,0,1,1,1,1,0,0,0,0,0,1,0,1,0,1,0,0,0,1,0,0,0
306,0.29545797021366943,0.2781611837599279,6,5,5,1,1,0,0,1,1,1,0,0,1,1,1,1,1,0,0,1,0,0,0,1,1,1,0,0,0,1,1,0,0
307,-1.706313689345135,-1.782401230192158,3,4,4,1,0,1,1,0,0,0,0,0,0,1,1,1,0,0,0,0,1,0,0,1,1,0,1,0,1,0,0,0,0
308,-0.12515778709436254,0.49231866790564105,3,5,7,1,1,0,1,0,0,0,0,0,0,1,1,1,0,1,0,0,0,1,0,1,1,1,1,1,1,1,0,0,0
309,0.05312481110976042,2.088859201736339,2,7,6,1,1,0,0,0,0,0,0,0,0,1,1,1,1,1,1,0,0,1,0,1,1,1,1,0,0,1,0,1,0
310,2.8658705510624003,0.6633111727123071,8,8,4,1,1,1,1,1,1,1,0,1,0,1,1,1,0,1,1,1,1,0,1,1,1,0,0,1,1,0,0,0,0
311,0.5435417909217366,1.7101611371585255,5,8,10,1,1,1,1,0,1,0,0,0,0,1,1,1,0,1,1,1,0,1,1,1,1,1,1,1,1,1,1,1,1
312,1.0096850715574663,0.30108726922307516,5,7,7,0,1,1,1,0,1,0,0,0,1,1,1,0,0,0,1,1,1,1,1,1,1,1,1,1,0,1,0,1,0
313,-1.5386032329632433,-1.452181549276461,3,2,4,1,0,1,0,0,0,1,0,0,0,0,1,0,1,0,0,0,0,0,0,1,0,0,1,0,1,0,0,1,0
314,-1.0631936088922085,0.021353429530965196,3,5,6,1,1,0,0,0,1,0,0,0,0,1,1,1,0,1,0,1,0,0,0,1,1,1,1,1,0,0,1,0,0
315,-1.0696319239986665,0.45986957457298344,4,5,8,1,1,1,1,0,0,0,0,0,0,1,1,0,1,0,1,1,0,0,0,1,1,1,1,1,1,0,1,1,0
316,-0.12490748602345147,1.3434466299375387,5,6,7,1,0,1,1,1,1,0,0,0,0,1,1,1,1,1,0,1,0,0,0,1,1,1,1,1,1,1,0,0,0
317,-0.9752443822877525,0.7922162628896344,1,4,9,0,1,0,0,0,0,0,0,0,0,1,1,0,1,0,1,0,0,0,0,1,1,1,1,1,1,1,1,0,1
318,-0.048880294014086,-2.131163078662994,4,5,2,1,1,0,1,1,0,0,0,0,0,1,1,1,1,0,0,0,0,1,0,1,0,1,0,0,0,0,0,0,0
319,1.7348678693758206,1.182660359126444,7,7,6,1,1,1,1,1,0,1,0,1,0,1,1,1,1,1,0,0,1,1,0,1,1,1,1,0,0,1,1,0,0
320,0.9467221214775967,0.6318539014888425,7,4,5,1,1,1,1,1,1,0,0,1,0,0,1,1,0,1,1,0,0,0,0,1,1,1,0,1,0,0,0,0,1
321,-0.08152752102144412,0.4927688162308238,3,5,7,1,1,0,0,0,1,0,0,0,0,1,1,1,0,0,1,1,0,0,0,1,1,1,1,1,0,0,1,1,0
322,1.516081029272092,0.5937449729493318,7,8,7,1,1,1,1,1,0,1,0,1,0,1,1,1,1,1,1,1,1,0,0,0,1,1,1,1,1,1,1,0,0
323,-0.9314638941591175,-1.3873611911986643,5,3,3,1,1,1,1,0,0,1,0,0,0,1,1,0,1,0,0,0,0,0,0,1,1,0,0,0,0,0,1,0,0
324,0.585977180044336,0.5585971504003934,6,6,3,1,1,1,1,1,0,1,0,0,0,1,0,1,1,0,0,1,1,1,0,1,1,0,0,0,0,0,0,1,0
325,0.45947657598798713,-1.36518737966941,6,5,2,1,0,1,1,1,0,0,1,0,1,1,1,1,0,0,1,0,1,0,0,1,0,1,0,0,0,0,0,0,0
326,0.4001048905296522,0.7841770927634775,6,8,6,1,1,0,1,1,0,0,1,0,1,1,1,1,1,1,1,1,1,0,0,1,1,1,1,1,1,0,0,0,0
327,-0.026549226854773948,-0.07879748883212523,7,4,5,1,1,1,1,0,1,0,1,1,0,1,0,1,0,1,1,0,0,0,0,1,1,1,0,0,1,1,0,0,0
328,0.05240293958421721,1.0439171745812794,6,6,6,1,1,1,1,1,0,0,0,1,0,1,1,1,1,1,0,0,0,1,0,1,1,1,1,1,0,0,0,0,1
329,1.68056763751878,0.6326167261673005,7,6,6,1,1,1,1,1,0,1,1,0,0,1,0,1,1,1,1,1,0,0,0,1,1,1,1,1,1,0,0,0,0
330,0.0450960038869961,-0.03246919706636149,4,6,5,1,1,0,0,1,1,0,0,0,0,1,1,0,1,1,1,0,1,0,0,1,1,1,1,0,0,0,1,0,0
331,0.3170244421653724,1.4454388167161847,4,6,6,1,1,1,1,0,0,0,0,0,0,1,1,1,1,0,1,1,0,0,0,1,1,1,1,1,0,0,0,1,0
332,-0.10892245836752923,-1.9495056719528667,8,1,2,1,1,1,1,1,1,1,0,0,1,0,0,1,0,0,0,0,0,0,0,1,0,0,1,0,0,0,0,0,0
333,-1.0011117990860727,-0.24874375471641502,4,4,4,1,1,0,0,1,0,0,1,0,0,0,1,1,1,1,0,0,0,0,0,1,1,1,0,0,0,1,0,0,0
334,1.3572773465484151,1.2740849173344198,8,5,7,1,1,1,1,1,1,1,0,1,0,1,1,1,0,1,0,1,0,0,0,1,1,1,0,1,1,0,1,1,0
335,0.9806196235836089,-0.32696448014073054,8,6,3,1,1,1,1,1,1,0,1,1,0,1,1,1,0,0,1,1,1,0,0,1,1,1,0,0,0,0,0,0,0
336,-1.4090494285746242,-2.145504764868896,4,2,1,0,1,0,1,0,0,1,0,1,0,1,0,0,1,0,0,0,0,0,0,1,0,0,0,0,0,0,0,0,0
337,-0.7328777329072079,-1.6297044375262635,4,4,1,1,1,1,0,1,0,0,0,0,0,1,0,0,1,1,1,0,0,0,0,0,1,0,0,0,0,0,0,0,0
338,-0.2860936183884031,-0.06166930180723354,5,5,7,1,1,1,1,0,1,0,0,0,0,1,1,0,0,1,1,0,1,0,0,0,1,1,1,1,0,1,1,1,0
339,-0.04068739750715966,1.540261313961211,3,4,9,1,0,0,0,1,0,1,0,0,0,1,1,0,0,1,1,0,0,0,0,1,1,1,1,1,1,1,1,0,1
340,-0.20777336990928225,0.03130639456998477,4,5,4,1,1,1,0,0,0,0,1,0,0,1,1,1,1,0,1,0,0,0,0,1,1,1,0,0,1,0,0,0,0
341,0.8100656825699417,0.2710587324178055,9,6,7,1,1,1,1,1,0,1,1,1,1,1,1,1,1,1,0,1,0,0,0,1,1,0,1,1,1,1,1,0,0
342,0.9867637412270805,0.6742822978332182,6,8,5,1,1,1,1,1,0,0,0,0,1,1,1,1,0,1,1,1,1,0,1,0,1,1,1,0,1,1,0,0,0
343,1.2134358841437565,1.6809159816801689,5,8,7,1,1,1,1,1,0,0,0,0,0,1,1,1,1,0,1,1,1,1,0,1,1,1,1,1,0,0,1,0,1
344,0.006608591208227654,0.09041523689804054,4,5,7,1,0,1,1,0,1,0,0,0,0,1,0,1,1,1,0,0,1,0,0,1,1,1,1,1,0,1,1,0,0
345,-0.34285973264573144,0.25282443006613575,5,6,8,0,1,1,1,1,1,0,0,0,0,1,1,1,1,0,0,1,0,1,0,1,1,1,1,1,0,1,1,1,0
346,-1.583356016701267,-1.4533401670610264,3,2,6,1,0,0,1,1,0,0,0,0,0,0,1,1,0,0,0,0,0,0,0,1,1,0,1,1,1,0,1,0,0
347,0.06638165912478869,0.10565878042890653,4,6,7,1,1,1,1,0,0,0,0,0,0,1,1,0,1,1,1,0,0,1,0,1,1,1,1,1,1,1,0,0,0
348,0.08332344250736062,-1.0737967970936801,5,5,3,1,0,0,1,1,1,1,0,0,0,1,1,0,1,0,0,0,1,1,0,1,0,1,0,0,0,1,0,0,0
349,-0.25976936298064046,-1.4272647214950105,6,2,3,0,1,1,0,1,0,1,1,0,1,0,1,0,0,0,0,1,0,0,0,1,0,1,0,0,1,0,0,0,0
350,0.3373086513281808,-0.6489153841007459,8,1,4,1,1,1,1,1,1,1,1,0,0,0,1,0,0,0,0,0,0,0,0,1,0,1,1,0,0,0,1,0,0
351,0.9038016989067482,0.854131443080422,6,7,7,1,1,1,0,1,1,0,0,1,0,1,1,0,1,1,0,1,1,0,1,1,1,1,1,1,1,0,1,0,0
352,-1.6818127170189772,-1.7697289120957411,2,3,3,1,1,0,0,0,0,0,0,0,0,1,1,0,0,1,0,0,0,0,0,1,0,1,1,0,0,0,0,0,0
353,-1.4353238730875848,0.6952544386259678,3,4,8,1,0,1,0,0,0,1,0,0,0,1,0,1,1,1,0,0,0,0,0,1,1,1,1,0,1,1,1,1,0
354,-0.4957231695494419,0.6977448707715087,3,5,6,1,1,1,0,0,0,0,0,0,0,1,1,1,1,1,0,0,0,0,0,1,1,1,1,1,1,0,0,0,0
355,-1.3639511503902617,-0.18312974265005377,3,3,7,1,1,0,1,0,0,0,0,0,0,1,1,0,0,1,0,0,0,0,0,1,1,1,1,1,0,1,1,0,0
356,-0.06238131107938427,0.6407181722847913,4,6,5,1,1,1,0,1,0,0,0,0,0,1,1,1,1,0,1,1,0,0,0,1,1,0,1,1,0,0,1,0,0
357,0.5087028030430786,0.20391472321739665,7,6,5,1,1,1,1,1,0,1,1,0,0,1,0,1,1,1,1,0,1,0,0,1,1,1,0,1,0,0,0,1,0
358,-0.22835765631189375,0.1711373499589382,8,5,5,1,0,1,1,1,1,1,1,1,0,0,1,1,1,1,1,0,0,0,0,1,1,1,1,0,1,0,0,0,0
359,-2.0942469375688564,-2.1768140203158337,3,4,2,0,1,1,1,0,0,0,0,0,0,1,0,1,1,0,1,0,0,0,0,0,1,1,0,0,0,0,0,0,0
360,2.6860441856419293,1.7678519725359474,10,8,8,1,1,1,1,1,1,1,1,1,1,1,1,1,1,1,0,0,1,1,1,1,1,1,1,1,0,1,1,0,1
361,-0.3391294429114773,-0.016459301779608415,6,6,3,1,1,0,1,1,1,0,0,1,0,1,1,1,0,1,1,0,1,0,0,0,0,1,0,0,0,1,0,0,1
362,0.9794374146105087,0.14846243464684278,7,6,4,1,0,1,1,1,1,1,1,0,0,1,1,1,1,1,0,1,0,0,0,0,1,1,1,0,0,0,0,0,1
363,-0.9478196703949624,1.421997142280113,3,5,9,0,1,0,1,0,0,1,0,0,0,1,1,1,1,0,0,0,0,1,0,1,1,1,0,1,1,1,1,1,1
364,1.0376213094146824,0.7371647944466547,5,6,7,1,1,1,1,1,0,0,0,0,0,1,1,1,1,1,0,0,0,1,0,1,1,1,1,1,1,0,0,1,0
365,0.7214809227572291,0.6947467816513307,6,7,5,1,1,1,1,1,1,0,0,0,0,1,1,1,1,1,1,1,0,0,0,1,1,1,1,1,0,0,0,0,0
366,0.4151441848881757,-0.7785166165369498,4,6,2,1,1,0,0,0,1,0,1,0,0,1,1,1,1,1,1,0,0,0,0,1,1,0,0,0,0,0,0,0,0
367,0.9767979723580533,-0.3217921771077856,4,5,6,1,1,0,1,0,1,0,0,0,0,1,0,0,1,1,1,1,0,0,0,1,1,1,1,0,0,1,0,1,0
368,-1.1513995848187029,-0.486096544612184,4,3,4,1,1,1,0,1,0,0,0,0,0,1,1,1,0,0,0,0,0,0,0,0,1,1,0,0,0,1,1,0,0
369,0.4818497461145928,1.0023844469379253,4,6,5,1,1,0,1,0,1,0,0,0,0,1,1,1,1,1,1,0,0,0,0,1,1,1,1,0,0,0,1,0,0
370,-1.0464388093620327,0.24789698217717382,3,5,8,1,1,1,0,0,0,0,0,0,0,1,0,1,1,1,0,0,1,0,0,1,1,1,1,0,1,1,1,0,1
371,2.5122059446439065,1.673768294495907,9,8,7,1,1,1,1,1,1,1,1,0,1,1,1,1,1,0,1,1,1,0,1,1,1,1,1,1,1,0,0,0,1
372,-1.170362680599985,-1.6893378925124425,5,3,3,1,1,1,1,0,0,0,1,0,0,1,1,0,0,0,0,0,0,1,0,0,1,1,0,1,0,0,0,0,0
373,-1.5703548937638536,0.7667054148829107,1,2,9,0,0,0,0,1,0,0,0,0,0,0,1,0,0,0,1,0,0,0,0,1,1,1,1,1,1,1,1,1,0
374,0.30292489933310157,1.1266749585101332,6,9,3,1,1,1,1,1,1,0,0,0,0,1,1,1,1,1,1,1,0,1,1,1,1,0,0,0,1,0,0,0,0
375,0.4256498460500611,0.457925643738296,5,7,8,1,1,1,0,0,1,0,0,1,0,1,1,1,1,1,1,0,0,1,0,1,1,1,1,1,1,1,1,0,0
376,-0.28963268985976554,-0.7313784189466811,5,5,4,1,1,0,1,1,0,0,1,0,0,1,0,1,0,1,1,1,0,0,0,1,0,1,1,0,1,0,0,0,0
377,-0.6094911944843371,-1.1169836950253065,5,6,3,1,1,1,1,0,1,0,0,0,0,1,1,1,1,0,1,1,0,0,0,0,1,1,0,1,0,0,0,0,0
378,0.49248867399961715,-0.24224941298137245,6,6,4,1,1,1,1,0,1,1,0,0,0,1,1,1,1,0,1,0,0,1,0,1,0,1,0,1,1,0,0,0,0
379,-0.4357254008557628,0.4109442343257889,3,3,4,1,1,0,0,0,0,1,0,0,0,1,1,1,0,0,0,0,0,0,0,0,1,0,1,0,1,0,1,0,0
380,-1.4576088503551687,-1.643249212423455,3,1,5,0,0,1,0,1,0,1,0,0,0,0,1,0,0,0,0,0,0,0,0,1,0,1,1,1,1,0,0,0,0
381,0.14441444192180697,-0.08457023819025383,5,5,4,1,0,1,1,1,1,0,0,0,0,0,1,1,0,1,1,1,0,0,0,1,1,0,1,1,0,0,0,0,0
382,0.7221619174636869,-0.3926733455444842,4,5,5,1,1,0,1,1,0,0,0,0,0,1,1,1,1,1,0,0,0,0,0,1,1,1,0,0,0,1,0,0,1
383,-0.7693134583093422,1.071948455305341,3,8,8,1,1,1,0,0,0,0,0,0,0,1,1,1,1,1,1,1,0,1,0,1,1,1,1,1,1,1,0,1,0
384,-1.1197127819891866,-0.7076303386497163,5,3,6,1,1,1,1,0,0,0,1,0,0,0,1,1,0,0,0,1,0,0,0,1,1,1,1,1,1,0,0,0,0
385,0.7597858353912617,0.06490119380322384,6,8,7,0,1,1,0,1,1,1,1,0,0,0,1,1,1,1,1,1,1,1,0,1,1,1,1,1,0,1,0,1,0
386,1.26866237694569,1.1190911420648997,6,6,6,1,1,1,1,0,0,1,0,0,1,1,1,1,1,0,0,0,1,0,1,1,1,1,0,1,1,1,0,0,0
387,0.8042834048405594,-0.014058774270645336,7,6,5,1,1,1,1,0,1,1,1,0,0,1,1,1,1,1,1,0,0,0,0,1,1,1,1,1,0,0,0,0,0
388,-0.7737316018222811,-1.1931653253555057,4,1,3,1,1,1,0,1,0,0,0,0,0,0,0,0,1,0,0,0,0,0,0,1,0,1,0,1,0,0,0,0,0
389,0.03242291275190684,-0.7869830003454936,6,5,7,1,1,1,1,1,1,0,0,0,0,1,0,0,1,1,0,1,0,1,0,1,1,1,1,1,0,1,1,0,0
390,-0.13330335065266813,0.732772404403004,3,4,4,1,1,1,0,0,0,0,0,0,0,0,1,1,1,1,0,0,0,0,0,1,1,1,1,0,0,0,0,0,0
391,-0.959895416659371,-0.1608204915993508,2,7,6,1,0,0,1,0,0,0,0,0,0,1,1,1,1,1,1,1,0,0,0,1,1,1,1,1,0,1,0,0,0
392,-2.31244771597513,-1.4247053610361085,1,4,2,1,0,0,0,0,0,0,0,0,0,1,0,1,0,1,0,0,0,1,0,1,1,0,0,0,0,0,0,0,0
393,0.8918139986880583,0.6397533482352428,6,7,6,1,1,1,1,1,1,0,0,0,0,1,1,1,1,1,0,0,1,0,1,1,1,1,1,0,1,0,0,1,0
394,-0.43795664647912513,-0.9987407205954246,5,6,4,1,1,1,1,1,0,0,0,0,0,1,1,1,1,1,1,0,0,0,0,0,0,1,1,1,0,0,1,0,0
395,1.135462881209731,-2.128898411383359,9,4,2,1,1,1,1,1,1,1,1,0,1,1,1,0,1,0,1,0,0,0,0,1,0,1,0,0,0,0,0,0,0
396,0.962174309883419,1.6426579544462117,4,6,8,1,1,1,0,0,0,1,0,0,0,1,1,1,1,1,0,1,0,0,0,1,1,1,1,0,1,1,1,1,0
397,-0.20614815877620668,-1.1347101917221867,4,3,4,1,0,1,0,1,1,0,0,0,0,1,0,1,0,0,1,0,0,0,0,1,1,1,0,0,1,0,0,0,0
398,-0.12653167314732028,1.5913816703186603,5,7,8,1,1,1,1,0,0,1,0,0,0,1,1,1,1,1,0,1,0,1,0,1,1,1,1,1,1,1,0,1,0
399,-0.9748776178028523,-1.2086891805434643,5,4,2,1,0,1,0,1,1,1,0,0,0,1,0,1,0,0,1,0,0,1,0,1,0,0,1,0,0,0,0,0,0
400,-0.36830834019181635,-0.24577711536987698,5,6,8,1,1,1,1,0,0,0,0,1,0,1,1,1,1,1,0,1,0,0,0,1,1,1,1,1,1,1,0,0,1
401,-0.5401169626462023,0.4127142002993133,2,5,6,0,0,1,0,0,0,0,1,0,0,1,1,1,1,0,0,0,0,1,0,0,1,1,1,1,0,1,1,0,0
402,-0.6795563103760494,-1.3446073330646742,4,6,3,0,1,1,0,1,1,0,0,0,0,1,1,1,0,1,1,1,0,0,0,1,1,0,1,0,0,0,0,0,0
403,-0.7711390118665441,-0.3282772329718756,3,4,7,1,1,0,1,0,0,0,0,0,0,1,0,1,0,1,0,0,0,0,1,1,1,1,1,1,1,0,0,1,0
404,-0.616205431000218,0.5662503959591904,3,3,5,1,0,1,1,0,0,0,0,0,0,1,0,0,0,0,1,0,1,0,0,1,1,1,1,1,0,0,0,0,0
405,0.47023739955125365,0.6914420947275404,4,6,4,1,1,0,0,1,1,0,0,0,0,1,0,1,0,1,1,0,1,1,0,1,1,0,0,1,1,0,0,0,0
406,-2.3418997749076804,-0.5169306985617986,1,3,6,1,0,0,0,0,0,0,0,0,0,1,1,0,0,1,0,0,0,0,0,1,1,0,1,1,0,0,1,0,1
407,-0.09699575705799474,-0.5087963554185209,6,4,2,1,1,1,1,1,0,1,0,0,0,1,1,1,0,0,0,0,0,1,0,0,0,0,1,1,0,0,0,0,0
408,0.23272388434248814,1.0774104983905148,4,6,9,1,1,0,1,1,0,0,0,0,0,1,1,1,1,1,1,0,0,0,0,1,1,1,1,1,1,1,1,0,1
409,-0.8286218423472775,-0.10462299831741978,4,3,5,1,1,1,0,0,1,0,0,0,0,1,1,1,0,0,0,0,0,0,0,1,1,1,1,0,1,0,0,0,0
410,0.08511075197766342,0.30857040450983775,5,6,6,0,1,1,0,1,1,1,0,0,0,1,1,1,1,0,0,1,0,1,0,1,1,1,1,1,1,0,0,0,0
411,-0.22396311992122647,1.0765280122097984,5,8,6,1,1,1,0,1,1,0,0,0,0,1,1,1,1,1,1,1,1,0,0,1,1,1,1,1,0,1,0,0,0
412,0.30282439500897673,0.16107945959148756,4,6,5,1,1,1,0,1,0,0,0,0,0,1,1,1,0,1,0,1,1,0,0,1,1,1,1,0,0,1,0,0,0
413,0.6472091578307473,0.4842663334482298,8,2,6,1,1,1,1,1,1,1,0,1,0,1,1,0,0,0,0,0,0,0,0,1,1,0,0,1,1,0,1,1,0
414,-0.17226222809214992,-0.04027540724941675,5,2,6,1,0,1,1,1,1,0,0,0,0,1,0,0,0,1,0,0,0,0,0,1,1,0,1,1,1,0,1,0,0
415,-0.7000251875166276,-0.016483551922881867,4,4,4,1,0,1,1,1,0,0,0,0,0,1,1,0,0,1,1,0,0,0,0,1,1,1,1,0,0,0,0,0,0
416,-1.8451233743577715,-2.7329449025288515,4,3,0,1,1,1,0,0,0,1,0,0,0,0,1,1,0,0,0,0,1,0,0,0,0,0,0,0,0,0,0,0,0
417,0.5448243297291855,-0.7058028958428288,8,5,4,1,1,1,1,1,1,1,0,1,0,1,1,1,1,1,0,0,0,0,0,1,1,1,0,0,0,1,0,0,0
418,0.8738375610984015,-0.12856260528355673,5,6,4,1,1,1,1,0,1,0,0,0,0,1,1,1,0,1,1,0,1,0,0,1,1,1,0,0,1,0,0,0,0
419,0.7183144940917625,0.20902350060535718,6,8,3,1,0,1,1,1,1,0,1,0,0,1,1,1,0,1,1,1,1,0,1,1,1,0,1,0,0,0,0,0,0
420,-0.9130804754013252,-0.048689841416306945,2,3,3,0,0,1,1,0,0,0,0,0,0,1,1,0,0,1,0,0,0,0,0,1,1,1,0,0,0,0,0,0,0
421,1.3472849857153892,1.7349044662318247,5,7,6,1,1,1,1,0,1,0,0,0,0,1,1,1,1,1,1,0,1,0,0,1,1,1,1,0,1,1,0,0,0
422,0.2113229704882095,0.28477867683734326,7,5,5,1,1,1,1,1,0,1,1,0,0,1,1,1,1,0,0,0,0,0,1,1,1,0,0,1,1,1,0,0,0
423,-0.2943626100521267,0.5131480947045955,3,3,7,0,1,0,1,0,0,0,1,0,0,0,1,1,0,0,1,0,0,0,0,1,1,1,1,1,1,0,0,1,0
424,0.5624455278356032,1.6411851749858997,4,7,8,1,1,1,1,0,0,0,0,0,0,1,1,1,1,1,1,1,0,0,0,1,1,1,1,1,1,1,0,0,1
425,0.16296942732705333,-1.4073894261740358,6,4,3,1,1,1,1,1,0,0,1,0,0,1,1,1,0,0,0,0,0,1,0,0,0,0,1,1,0,1,0,0,0
426,-0.32927012620398316,-0.45073925104427087,6,3,4,1,1,0,1,0,0,1,0,1,1,1,0,1,1,0,0,0,0,0,0,0,1,0,1,1,0,1,0,0,0
427,2.181654864668983,1.9708546395092157,8,10,7,1,1,1,1,1,1,0,1,1,0,1,1,1,1,1,1,1,1,1,1,1,0,1,1,1,0,1,1,1,0
428,-0.6384620374559834,0.6577383551695076,6,3,6,1,1,1,0,1,1,0,1,0,0,1,1,1,0,0,0,0,0,0,0,1,1,1,1,0,1,1,0,0,0
429,1.6117926528045894,1.2176308507146838,7,6,7,1,1,0,1,0,1,1,1,1,0,1,1,1,0,1,1,1,0,0,0,1,1,1,1,1,1,0,0,1,0
430,-1.3161552543292403,-1.1754113416881549,3,3,3,0,1,1,0,0,1,0,0,0,0,1,1,0,0,1,0,0,0,0,0,1,0,0,1,0,1,0,0,0,0
431,-0.7344248509515386,0.40444007011769145,4,3,5,1,1,0,0,1,1,0,0,0,0,1,1,0,1,0,0,0,0,0,0,1,1,0,1,0,0,1,0,0,1
432,-0.3907924956320571,1.0462419235295988,3,8,6,0,1,0,1,1,0,0,0,0,0,1,1,1,1,1,0,1,1,0,1,1,0,1,1,0,1,0,1,1,0
433,-0.1289776987512568,0.6486597032767494,5,4,4,1,1,0,0,1,0,1,1,0,0,1,1,0,0,1,1,0,0,0,0,1,1,0,1,0,1,0,0,0,0
434,-0.8452575889206034,-0.8965555064856862,5,2,4,1,1,1,1,1,0,0,0,0,0,1,1,0,0,0,0,0,0,0,0,1,1,0,1,1,0,0,0,0,0
435,-0.15702041958480176,0.19037846175286602,3,5,5,1,1,0,0,1,0,0,0,0,0,0,1,1,0,1,0,1,0,0,1,1,1,0,1,1,1,0,0,0,0
436,0.1132052917793468,-1.979352604093342,8,4,4,1,1,1,1,1,1,0,1,1,0,0,1,1,0,1,0,1,0,0,0,1,1,0,0,1,1,0,0,0,0
437,1.307864903648519,-0.07342653360213591,9,6,2,1,1,1,1,1,1,1,1,0,1,1,1,1,1,0,0,0,1,1,0,1,0,1,0,0,0,0,0,0,0
438,1.76862869430559,0.11025687611814294,9,8,3,1,1,1,1,1,1,1,1,1,0,1,1,1,1,1,1,1,1,0,0,1,0,0,0,1,1,0,0,0,0
439,-2.455535453138059,-1.3982562833937793,1,2,5,0,1,0,0,0,0,0,0,0,0,0,1,0,0,1,0,0,0,0,0,1,1,0,1,1,0,1,0,0,0
440,0.6729922434498549,1.4672916158346898,5,7,5,0,1,0,1,1,1,0,0,0,1,1,1,1,1,1,1,1,0,0,0,0,1,1,1,1,0,1,0,0,0
441,-1.6279546674941678,-0.5215974554318898,3,4,6,1,1,1,0,0,0,0,0,0,0,0,1,1,1,1,0,0,0,0,0,1,1,0,1,1,1,0,0,1,0
442,0.023917373722656843,0.7637661058762202,4,6,8,1,1,0,1,0,1,0,0,0,0,1,1,1,1,0,0,1,0,1,0,1,1,1,1,1,1,1,0,0,1
443,0.6678146164664128,0.4751702808453243,6,6,5,1,1,1,1,0,1,0,0,0,1,1,1,0,1,0,1,1,0,1,0,1,1,1,1,0,0,0,1,0,0
444,-0.4249613229822814,0.07874198479439001,6,5,5,1,1,1,1,1,1,0,0,0,0,0,1,1,0,1,1,1,0,0,0,0,1,1,1,1,1,0,0,0,0
445,-0.8829806354401306,-0.23438951451282547,1,2,6,1,0,0,0,0,0,0,0,0,0,0,0,0,1,0,0,1,0,0,0,1,0,1,1,1,1,1,0,0,0
446,-0.4874966762959482,0.7738410846463527,3,5,6,0,1,0,0,1,0,1,0,0,0,0,1,1,0,1,1,0,0,1,0,1,1,1,1,0,1,0,1,0,0
447,0.7651167892871257,-0.00506050433833094,9,6,6,1,1,1,1,1,1,1,0,1,1,1,1,1,1,1,0,0,0,1,0,1,0,1,0,1,1,1,1,0,0
448,0.5891127834187011,0.9408125792013196,6,8,6,0,1,1,1,1,1,0,1,0,0,1,1,1,1,1,1,0,1,0,1,1,1,1,1,0,1,0,1,0,0
449,-1.1245094607073307,-2.43024246966352,4,1,0,1,1,1,0,0,0,0,1,0,0,0,0,1,0,0,0,0,0,0,0,0,0,0,0,0,0,0,0,0,0
450,-0.49568265095101693,-2.3386093817795843,6,1,1,1,1,1,1,0,0,1,0,1,0,0,1,0,0,0,0,0,0,0,0,1,0,0,0,0,0,0,0,0,0
451,1.996788216278834,0.48074131392457076,9,7,4,1,1,1,1,1,1,1,1,1,0,1,0,1,1,1,1,0,1,0,1,1,1,1,0,1,0,0,0,0,0
452,1.8688349000386708,-0.05602056017423329,8,7,3,1,1,1,1,1,0,1,1,1,0,1,1,1,1,1,1,0,1,0,0,1,1,0,1,0,0,0,0,0,0
453,0.8146970741371626,-0.060754498655804234,7,8,5,1,1,1,0,1,1,1,0,1,0,1,1,0,1,1,1,1,0,1,1,1,1,1,1,0,1,0,0,0,0
454,1.2531354058712334,-0.014410068278697952,7,8,5,1,0,0,1,1,1,1,1,0,1,1,1,1,1,0,1,1,1,0,1,1,1,0,1,1,1,0,0,0,0
455,-0.11611976790352752,1.7047133246855455,3,7,9,1,0,0,1,0,1,0,0,0,0,1,1,1,1,1,1,1,0,0,0,1,1,1,1,0,1,1,1,1,1
456,-2.689618612221615,-1.919234869739304,3,0,4,1,1,1,0,0,0,0,0,0,0,0,0,0,0,0,0,0,0,0,0,1,1,0,0,0,0,0,1,0,1
457,1.0841558731707217,0.8389004686877738,5,6,6,1,1,1,1,1,0,0,0,0,0,1,1,1,0,1,1,1,0,0,0,1,0,1,1,1,1,1,0,0,0
458,-0.22074120057628785,-0.6192819577103755,6,7,4,1,1,0,1,1,0,1,1,0,0,1,1,1,1,1,0,1,1,0,0,1,1,0,1,0,1,0,0,0,0
459,-0.5362199237273707,0.9356599914611187,2,3,7,0,0,0,0,1,0,1,0,0,0,1,1,0,0,1,0,0,0,0,0,1,1,1,1,0,0,1,1,1,0
460,-0.3848384703969898,-0.12638983698366393,5,7,4,1,1,1,1,0,1,0,0,0,0,1,1,1,1,1,1,1,0,0,0,1,1,1,1,0,0,0,0,0,0
461,1.1419495502369825,0.36833805264686464,9,6,7,1,1,1,1,1,1,0,1,1,1,1,1,1,1,1,0,1,0,0,0,1,1,1,1,1,1,0,0,1,0
462,-0.23874378457746426,-0.36482820205160593,6,2,6,1,1,1,1,1,1,0,0,0,0,1,1,0,0,0,0,0,0,0,0,1,1,1,1,0,1,1,0,0,0
463,0.4277585258323349,0.4703163406019086,4,3,6,1,0,1,0,1,0,0,0,1,0,1,1,0,1,0,0,0,0,0,0,1,1,0,1,1,1,1,0,0,0
464,-0.28342590442854065,-0.3932603283281325,5,5,7,1,1,0,1,1,0,1,0,0,0,1,0,1,1,1,1,0,0,0,0,1,1,1,0,1,1,1,0,0,1
465,-2.058781893399118,0.16601892537391572,2,3,6,0,1,0,1,0,0,0,0,0,0,0,1,1,1,0,0,0,0,0,0,1,1,1,1,1,0,1,0,0,0
466,0.5606897284705643,1.535109953304325,6,7,7,1,1,1,1,1,0,1,0,0,0,1,1,1,1,1,1,0,1,0,0,1,0,1,1,1,1,1,1,0,0
467,0.3465260506082697,0.9367504122471271,4,8,8,1,1,0,1,0,1,0,0,0,0,1,1,1,1,1,1,1,0,1,0,1,1,1,1,1,1,1,1,0,0
468,1.751412737176146,1.235097066615308,9,6,7,1,1,1,1,1,1,1,1,0,1,1,1,1,1,1,0,1,0,0,0,1,1,1,1,0,1,1,1,0,0
469,-0.7174286335958924,0.8302785551361627,4,5,8,1,1,0,0,1,1,0,0,0,0,1,1,1,1,0,1,0,0,0,0,1,1,1,1,1,1,1,0,1,0
470,0.5631801998796475,1.3853817145492449,4,6,9,0,1,1,0,1,1,0,0,0,0,0,1,1,1,1,0,0,1,1,0,1,1,1,1,1,1,1,0,1,1
471,2.545761621952713,0.8757645458479788,10,7,6,1,1,1,1,1,1,1,1,1,1,0,1,1,1,0,1,1,1,1,0,1,1,0,1,1,0,1,0,0,1
472,0.09682786773943505,-0.5843691924088725,5,4,3,1,1,0,1,0,0,1,0,0,1,1,1,0,0,1,1,0,0,0,0,1,0,1,0,0,0,0,0,1,0
473,-1.9554078249158364,-0.33601071830597884,2,1,4,0,1,1,0,0,0,0,0,0,0,0,0,0,0,0,1,0,0,0,0,0,1,1,1,1,0,0,0,0,0
474,0.7265106900837888,-1.1410797652382392,8,5,4,1,1,1,1,1,1,0,1,1,0,1,1,1,0,1,0,0,0,1,0,1,1,1,0,0,1,0,0,0,0
475,0.035011302348517515,-0.40574160491824446,6,3,5,1,1,1,1,1,0,0,0,1,0,1,1,0,0,1,0,0,0,0,0,1,1,1,1,0,1,0,0,0,0
476,0.06394839999111625,0.1987699403367057,6,6,5,1,1,1,0,1,1,0,1,0,0,1,0,0,1,1,0,0,1,1,1,1,1,0,1,0,1,1,0,0,0
477,2.0496820758364587,0.9161171429336118,7,7,6,1,1,1,1,1,1,0,0,1,0,1,1,1,1,1,1,1,0,0,0,1,1,1,0,1,1,1,0,0,0
478,-0.9128328550911837,0.34793506269363844,2,5,7,1,0,0,1,0,0,0,0,0,0,1,1,1,1,0,1,0,0,0,0,0,1,1,1,0,1,1,1,1,0
479,0.5952938867535502,0.05076912856030458,6,8,6,1,1,0,1,1,1,1,0,0,0,1,1,1,1,1,1,1,0,0,1,1,1,1,1,1,1,0,0,0,0
480,0.003231297145834755,-0.39759166561870407,3,6,5,1,1,0,0,0,1,0,0,0,0,1,1,1,1,1,1,0,0,0,0,1,1,1,1,0,0,1,0,0,0
481,0.8183446148252663,-0.7829229486091279,5,5,5,0,1,1,1,0,0,1,0,1,0,1,1,1,1,1,0,0,0,0,0,1,1,1,1,0,0,0,0,0,1
482,0.262191574426231,0.2817722552729851,4,6,6,1,0,0,1,0,1,0,0,1,0,1,1,1,1,1,0,0,0,0,1,1,1,1,1,1,1,0,0,0,0
483,1.4433791213120266,0.8571562155836865,6,7,6,1,1,1,1,1,0,1,0,0,0,1,1,0,1,1,1,1,1,0,0,1,1,1,0,0,1,1,1,0,0
484,0.3265297649839425,-0.1164001712780945,5,4,4,1,0,1,1,1,0,1,0,0,0,1,1,0,0,1,0,0,1,0,0,1,1,1,1,0,0,0,0,0,0
485,0.7263774359450713,0.5083016801340904,6,7,6,1,0,1,1,0,1,1,0,0,1,1,1,0,1,1,1,0,1,1,0,1,1,1,1,1,0,0,0,1,0
486,0.11066635815242509,1.2383587854172657,4,7,9,0,1,1,0,1,0,1,0,0,0,1,1,1,0,1,1,0,1,1,0,1,1,1,1,1,1,1,0,1,1
487,1.1269202669141667,0.4575135156137578,8,8,6,1,1,1,1,1,1,1,1,0,0,1,1,1,1,1,1,1,0,1,0,1,1,0,1,1,1,1,0,0,0
488,-0.17819971059818662,-0.8166808373759381,6,4,5,0,1,1,1,1,1,1,0,0,0,1,0,1,0,1,0,1,0,0,0,1,1,1,0,0,1,0,1,0,0
489,1.3692163949448535,1.448624525919672,5,7,7,1,1,1,1,0,0,0,0,1,0,1,1,1,1,0,1,1,1,0,0,1,1,1,1,0,1,1,1,0,0
490,-0.4976525023899231,-0.16218392555307817,4,4,7,0,1,0,1,1,0,1,0,0,0,1,1,0,0,0,1,0,0,0,1,1,1,1,1,1,0,1,0,1,0
491,0.8224822467542632,-1.0057057997600172,7,5,4,1,1,1,1,1,1,0,1,0,0,1,1,1,0,1,0,0,1,0,0,1,0,1,1,0,0,1,0,0,0
492,1.9002652864838097,0.5316211135778185,8,7,6,1,1,1,1,0,1,1,1,0,1,1,1,1,1,1,1,0,0,0,1,1,1,0,1,1,1,1,0,0,0
493,1.098677726811763,1.142741347889576,9,5,6,1,1,1,1,1,1,1,1,1,0,1,1,1,1,1,0,0,0,0,0,1,1,1,1,1,0,1,0,0,0
494,-1.3809543781064482,-0.506966924746949,2,6,5,1,0,0,0,0,0,1,0,0,0,1,1,0,1,1,0,1,1,0,0,1,1,1,1,1,0,0,0,0,0
495,-0.860614491521954,-0.651588839816081,2,4,5,1,1,0,0,0,0,0,0,0,0,0,1,1,0,0,1,0,1,0,0,1,1,0,1,0,0,1,0,1,0
496,-0.8696351424465272,-1.4826267890787261,4,2,2,1,1,1,0,0,0,0,1,0,0,0,1,0,0,0,0,1,0,0,0,1,1,0,0,0,0,0,0,0,0
497,0.26220809070219364,0.05276048612911974,6,6,5,1,1,1,1,0,0,1,0,0,1,1,1,1,1,1,0,0,1,0,0,1,0,1,1,1,1,0,0,0,0
498,-0.3421732013579308,0.6276859597564646,3,4,7,1,1,0,0,0,1,0,0,0,0,0,1,1,0,0,1,1,0,0,0,1,1,1,1,0,1,1,0,1,0
499,-0.0661022309624048,0.6967673692434306,3,5,6,1,0,0,1,1,0,0,0,0,0,1,1,0,1,1,1,0,0,0,0,1,1,1,1,1,0,0,0,0,1
500,1.0546221387379155,-0.09825692392027724,7,6,3,1,1,1,1,1,1,0,0,1,0,1,1,0,0,1,0,1,0,1,1,0,1,1,0,0,1,0,0,0,0
